,Name,acc_name,acc_species,acc_species_id,acc_id,acc_rank
0,Acokanthera schimperi (A. DC.) Schweinf.,Acokanthera schimperi,Acokanthera schimperi,60447729-2,60447729-2,Species
1,Adenium multiflorum Klotzsch,Adenium multiflorum,Adenium multiflorum,76366-1,76366-1,Species
2,Adenium obesum (Forssk.) Roem. & Schult.,Adenium obesum,Adenium obesum,76369-1,76369-1,Species
3,Aganosma heynei (Spreng.) I. M. Turner,Aganosma heynei,Aganosma heynei,77125846-1,77125846-1,Species
4,Alafia multiflora (Stapf) Stapf,Alafia multiflora,Alafia multiflora,76446-1,76446-1,Species
5,Alafia caudata Stapf,Alafia caudata,Alafia caudata,76422-1,76422-1,Species
6,Alafia barteri Oliv.,Alafia barteri,Alafia barteri,76417-1,76417-1,Species
7,Allamanda cathartica L.,Allamanda cathartica,Allamanda cathartica,319065-2,319065-2,Species
8,Allamanda schottii Pohl,Allamanda schottii,Allamanda schottii,76487-1,76487-1,Species
9,Alstonia venenata R. Br.,Alstonia venenata,Alstonia venenata,76602-1,76602-1,Species
10,Alstonia angustifolia Wall. ex A. DC.,Alstonia angustifolia,Alstonia angustifolia,105718-3,105718-3,Species
11,Alstonia yunnanensis Diels,Alstonia yunnanensis,Alstonia yunnanensis,76608-1,76608-1,Species
12,Alstonia boonei De Wild.,Alstonia boonei,Alstonia boonei,76511-1,76511-1,Species
13,Alstonia congensis Engl.,Alstonia congensis,Alstonia congensis,76517-1,76517-1,Species
14,Alstonia rostrata C. E. C. Fisch.,Alstonia rostrata,Alstonia rostrata,76584-1,76584-1,Species
15,Alstonia macrophylla Wall. ex G. Don,Alstonia macrophylla,Alstonia macrophylla,76556-1,76556-1,Species
16,Alstonia mairei H. Lév.,Alstonia mairei,Alstonia mairei,76557-1,76557-1,Species
17,Alstonia rupestris Kerr,Alstonia rupestris,Alstonia rupestris,76585-1,76585-1,Species
18,Alstonia longifolia (A. DC.) Pichon,Alstonia longifolia,Alstonia longifolia,10153-2,10153-2,Species
19,Alstonia scholaris (L.) R. Br.,Alstonia scholaris,Alstonia scholaris,60445977-2,60445977-2,Species
20,Alstonia angustiloba Miq.,Alstonia angustiloba,Alstonia angustiloba,76507-1,76507-1,Species
21,Alstonia pneumatophora Backer ex Den berger,Alstonia pneumatophora,Alstonia pneumatophora,76578-1,76578-1,Species
22,Alstonia spectabilis R. Br.,Alstonia spectabilis,Alstonia spectabilis,76597-1,76597-1,Species
23,Alyxia stellata (J. R. Forst. & G. Forst.) Roem. & Schult.,Alyxia stellata,Alyxia stellata,76804-1,76804-1,Species
24,Ambelania acida Aubl.,Ambelania acida,Ambelania acida,76829-1,76829-1,Species
25,Amphineurion marginatum (Roxb.) D. J. Middleton,Amphineurion marginatum,Amphineurion marginatum,77074602-1,77074602-1,Species
26,Amsonia tomentosa var. tomentosa,Amsonia tomentosa var. tomentosa,Amsonia tomentosa,76934-1,77167486-1,Variety
27,Amsonia elliptica (Thunb.) Roem. & Schult.,Amsonia elliptica,Amsonia elliptica,76906-1,76906-1,Species
28,Amsonia tabernaemontana Walter,Amsonia tabernaemontana,Amsonia tabernaemontana,76931-1,76931-1,Species
29,Anisopus mannii N. E. Br.,Anisopus mannii,Anisopus mannii,93986-1,93986-1,Species
30,Anodendron affine (Hook. & Arn.) Druve,Anodendron affine,Anodendron affine,77061-1,77061-1,Species
31,Apteranthes europaea (Guss.) Murb.,Apteranthes europaea,Apteranthes europaea,94041-1,94041-1,Species
32,Apteranthes tuberculata (N. E. Br.) Meve & Liede,Apteranthes tuberculata,Apteranthes tuberculata,20009957-1,20009957-1,Species
33,Asclepias curassavica L.,Asclepias curassavica,Asclepias curassavica,94213-1,94213-1,Species
34,Aspidosperma auriculatum Markgr.,Aspidosperma auriculatum,Aspidosperma auriculatum,21933-2,21933-2,Species
35,Aspidosperma oblongum A. DC.,Aspidosperma oblongum,Aspidosperma oblongum,77418-1,77418-1,Species
36,Aspidosperma carapanauba Pichon,Aspidosperma carapanauba,Aspidosperma carapanauba,290346-2,290346-2,Species
37,Aspidosperma polyneuron Müll Arg.,Aspidosperma polyneuron,Aspidosperma polyneuron,77433-1,77433-1,Species
38,Aspidosperma pyrifolium Mart.,Aspidosperma pyrifolium,Aspidosperma pyrifolium,77437-1,77437-1,Species
39,Aspidosperma subincanum Mart,Aspidosperma subincanum,Aspidosperma subincanum,77465-1,77465-1,Species
40,Aspidosperma nigricans Handro,Aspidosperma nigricans,Aspidosperma nigricans,22012-2,22012-2,Species
41,Aspidosperma olivaceum Müll. Arg.,Aspidosperma olivaceum,Aspidosperma olivaceum,22020-2,22020-2,Species
42,Aspidosperma parvifolium A. DC.,Aspidosperma parvifolium,Aspidosperma parvifolium,315552-2,315552-2,Species
43,Aspidosperma spruceanum Benth. Ex Müll. Arg.,Aspidosperma spruceanum,Aspidosperma spruceanum,22069-2,22069-2,Species
44,Aspidosperma album (Vahl) Benoist ex Pichon,Aspidosperma album,Aspidosperma album,77325-1,77325-1,Species
45,Aspidosperma discolor A. DC.,Aspidosperma discolor,Aspidosperma discolor,77354-1,77354-1,Species
46,Aspidosperma illustre (Vell.) Kuhim. & Piraja,Aspidosperma illustre,Aspidosperma illustre,21984-2,21984-2,Species
47,Aspidosperma sandwithianum Markgr.,Aspidosperma sandwithianum,Aspidosperma sandwithianum,22061-2,22061-2,Species
48,Aspidosperma ulei Markg.,Aspidosperma ulei,Aspidosperma ulei,22079-2,22079-2,Species
49,Aspidosperma megalocarpon Müll. Arg.,Aspidosperma megalocarpon,Aspidosperma megalocarpon,77405-1,77405-1,Species
50,Aspidosperma desmanthum Benth. Ex Müll. Arg.,Aspidosperma desmanthum,Aspidosperma desmanthum,77353-1,77353-1,Species
51,Aspidosperma rigidum Rusby,Aspidosperma rigidum,Aspidosperma rigidum,22058-2,22058-2,Species
52,Aspidosperma macrocarpon Mart.,Aspidosperma macrocarpon,Aspidosperma macrocarpon,77400-1,77400-1,Species
53,Aspidosperma cuspa (Kunth) S. F. Blake ex Pittier,Aspidosperma cuspa,Aspidosperma cuspa,77347-1,77347-1,Species
54,Aspidosperma cylindrocarpon Müll. Arg.,Aspidosperma cylindrocarpon,Aspidosperma cylindrocarpon,21952-2,21952-2,Species
55,Aspidosperma excelsum Benth. ex Müll. Arg.,Aspidosperma excelsum,Aspidosperma excelsum,77367-1,77367-1,Species
56,Aspidosperma obscurinervium Azambuja,Aspidosperma obscurinervium,Aspidosperma obscurinervium,22015-2,22015-2,Species
57,Aspidosperma quebracho-blanco Schltdl,Aspidosperma quebracho-blanco,Aspidosperma quebracho-blanco,77440-1,77440-1,Species
58,Aspidosperma schultesii Woodson,Aspidosperma schultesii,Aspidosperma schultesii,22062-2,22062-2,Species
59,Aspidosperma tomentosum Mart,Aspidosperma tomentosum,Aspidosperma tomentosum,77467-1,77467-1,Species
60,Aspidosperma ramiflorum Müll. Arg.,Aspidosperma ramiflorum,Aspidosperma ramiflorum,77443-1,77443-1,Species
61,Aspidosperma pachypterum Müll. Arg.,Aspidosperma pachypterum,Aspidosperma pachypterum,77425-1,77425-1,Species
62,Aspidosperma megaphyllum Woodson,Aspidosperma megaphyllum,Aspidosperma megaphyllum,22004-2,22004-2,Species
63,Aspidosperma multiflorum A. DC.,Aspidosperma multiflorum,Aspidosperma multiflorum,77410-1,77410-1,Species
64,Aspidosperma eburneum allemão ex Saldanha,Aspidosperma eburneum,Aspidosperma eburneum,77361-1,77361-1,Species
65,Aspidosperma pichonianum Woodson,Aspidosperma pichonianum,Aspidosperma pichonianum,22024-2,22024-2,Species
66,Bahiella infundibuliflora J. F. Morales,Bahiella infundibuliflora,Bahiella infundibuliflora,60444372-2,60444372-2,Species
67,Baissea axillaris (Benth.) Hua,Baissea axillaris,Baissea axillaris,77483-1,77483-1,Species
68,Beaumontia grandiflora Wall.,Beaumontia grandiflora,Beaumontia grandiflora,77539-1,77539-1,Species
69,Boucerosia diffusa (wight),Boucerosia diffusa,Boucerosia diffusa,94966-1,94966-1,Species
70,Bousigonia angustifolia Pierre ex Spire,Bousigonia angustifolia,Bousigonia angustifolia,77610-1,77610-1,Species
71,Bousigonia mekongensis Pierre,Bousigonia mekongensis,Bousigonia mekongensis,77611-1,77611-1,Species
72,Buckollia volubilis (Schltr.) Venter & R. L. Verh.,Buckollia volubilis,Buckollia volubilis,978337-1,978337-1,Species
73,Callichilia barteri (Hook. f.) Stapf,Callichilia barteri,Callichilia barteri,77635-1,77635-1,Species
74,Callichilia subsessilis (Benth.) Stapf,Callichilia subsessilis,Callichilia subsessilis,77645-1,77645-1,Species
75,Calotropis procera (Aiton) W. T. Aiton,Calotropis procera,Calotropis procera,1004515-2,1004515-2,Species
76,Calotropis gigantea (L.) W. T. Aiton,Calotropis gigantea,Calotropis gigantea,95173-1,95173-1,Species
77,Caralluma fimbriata Wall.,Caralluma fimbriata,Caralluma fimbriata,95260-1,95260-1,Species
78,Caralluma adscendens var. adscendens,Caralluma adscendens var. adscendens,Caralluma adscendens,95198-1,77172739-1,Variety
79,Caralluma dalzielii N. E. Br.,Caralluma dalzielii,Caralluma dalzielii,95238-1,95238-1,Species
80,Carissa macrocarpa (Eckl.) A. DC.,Carissa macrocarpa,Carissa macrocarpa,77727-1,77727-1,Species
81,Carissa spinarum L.,Carissa spinarum,Carissa spinarum,77756-1,77756-1,Species
82,Carissa carandas L.,Carissa carandas,Carissa carandas,77691-1,77691-1,Species
83,Cascabela thevetia (L.) Lippold,Cascabela thevetia,Cascabela thevetia,47927-2,47927-2,Species
84,Catharanthus pusillus (Murray) G. Don,Catharanthus pusillus,Catharanthus pusillus,77879-1,77879-1,Species
85,Catharanthus roseus (L.) G. Don,Catharanthus roseus,Catharanthus roseus,77880-1,77880-1,Species
86,Caudanthera edulis (Edgew.) Meve & Liede,Caudanthera edulis,Caudanthera edulis,20009959-1,20009959-1,Species
87,Caudanthera sinaica (Decne.) Plowes,Caudanthera sinaica,Caudanthera sinaica,986775-1,986775-1,Species
88,Cerbera manghas L.,Cerbera manghas,Cerbera manghas,77906-1,77906-1,Species
89,Cerbera odollam Gaertn.,Cerbera odollam,Cerbera odollam,77913-1,77913-1,Species
90,Ceropegia juncea Roxb.,Ceropegia juncea,Ceropegia juncea,95629-1,95629-1,Species
91,Ceropegia bulbosa Roxb.,Ceropegia bulbosa,Ceropegia bulbosa,95492-1,95492-1,Species
92,Ceropegia media (H. Huber) Ansari,Ceropegia media,Ceropegia media,95667-1,95667-1,Species
93,"Ceropegia sahyadrica var. karulensis (Punekar, Tamhankar, Lakshmin., Kumaran, Raut, S. K. Srivast. & Kavade) Kambale & S. R. Yadav",Ceropegia sahyadrica var. karulensis,Ceropegia sahyadrica,95755-1,77202358-1,Variety
94,Chilocarpus costatus Miq.,Chilocarpus costatus,Chilocarpus costatus,77967-1,77967-1,Species
95,Chloropetalum denticulatum (Vahl) Morillo,Chloropetalum denticulatum,Chloropetalum denticulatum,77206440-1,77206440-1,Species
96,Chonemorpha fragrans (Moon) Alston,Chonemorpha fragrans,Chonemorpha fragrans,78008-1,78008-1,Species
97,Condylocarpon isthmicum (Vell.) A. DC.,Condylocarpon isthmicum,Condylocarpon isthmicum,1190728-2,1190728-2,Species
98,Cosmostigma cordatum (Poir.) M. R. Almeida,Cosmostigma cordatum,Cosmostigma cordatum,20008971-1,20008971-1,Species
99,Craspidospermum verticillatum Bojer ex Decne.,Craspidospermum verticillatum,Craspidospermum verticillatum,78180-1,78180-1,Species
100,Crioceras dipladeniiflorus (Stapf) K. Schum.,Crioceras dipladeniiflorus,Crioceras dipladeniiflorus,78181-1,78181-1,Species
101,Cryptolepis apiculata K. Schum.,Cryptolepis apiculata,Cryptolepis apiculata,95909-1,95909-1,Species
102,Cryptolepis capensis Schltr.,Cryptolepis capensis,Cryptolepis capensis,95917-1,95917-1,Species
103,Cryptolepis cryptolepioides (SChltr.) Bullock,Cryptolepis cryptolepioides,Cryptolepis cryptolepioides,95918-1,95918-1,Species
104,Cryptolepis obtusa N. E. Br.,Cryptolepis obtusa,Cryptolepis obtusa,95945-1,95945-1,Species
105,Cryptolepis sanguinolenta (Lindl.) Schltr.,Cryptolepis sanguinolenta,Cryptolepis sanguinolenta,95951-1,95951-1,Species
106,Cryptolepis buchananii R. Br. ex Roem. & Schult.,Cryptolepis buchananii,Cryptolepis buchananii,95915-1,95915-1,Species
107,Cryptolepis decidua (Planch. ex Benth.) N. E. Br.,Cryptolepis decidua,Cryptolepis decidua,95920-1,95920-1,Species
108,Cryptolepis hypoglauca K. Schum.,Cryptolepis hypoglauca,Cryptolepis hypoglauca,95931-1,95931-1,Species
109,Cryptolepis nigrescens (Wennberg) L. Joubert & Bruyns,Cryptolepis nigrescens,Cryptolepis nigrescens,77158572-1,77158572-1,Species
110,Cynanchum maximoviczii Pobed.,Cynanchum maximoviczii,Cynanchum maximoviczii,96387-1,96387-1,Species
111,Cynanchum wilfordii (Maxim.) Hook. f.,Cynanchum wilfordii,Cynanchum wilfordii,96697-1,96697-1,Species
112,Decalepis arayalpathra (J. Joseph & V. Chandras.) Venter,Decalepis arayalpathra,Decalepis arayalpathra,998076-1,998076-1,Species
113,Decalepis nervosa (Wight & Arn.) Venter,Decalepis nervosa,Decalepis nervosa,998075-1,998075-1,Species
114,Decalepis hamiltonii Wight & Arn.,Decalepis hamiltonii,Decalepis hamiltonii,96807-1,96807-1,Species
115,Desmidorchis penicillata (Deflers) Plowes,Desmidorchis penicillata,Desmidorchis penicillata,986779-1,986779-1,Species
116,Desmidorchis retrospiciens Ehrenb.,Desmidorchis retrospiciens,Desmidorchis retrospiciens,96827-1,96827-1,Species
117,Dictyophleba lucida (K. Schum) Pierre,Dictyophleba lucida,Dictyophleba lucida,78221-1,78221-1,Species
118,Diplorhynchus condylocarpon (Müll. Arg.) Pichon,Diplorhynchus condylocarpon,Diplorhynchus condylocarpon,78310-1,78310-1,Species
119,Dischidia formosana Maxim.,Dischidia formosana,Dischidia formosana,96939-1,96939-1,Species
120,Ditassa eximia Decne.,Ditassa eximia,Ditassa eximia,97123-1,97123-1,Species
121,Ditassa lenheirensis Silveira,Ditassa lenheirensis,Ditassa lenheirensis,82462-2,82462-2,Species
122,Dyera costulata (Miq.) Hook. F.,Dyera costulata,Dyera costulata,78323-1,78323-1,Species
123,Echites panduratus,Echites panduratus,Echites panduratus,88698-2,88698-2,Species
124,Echites umbellatus Jacq.,Echites umbellatus,Echites umbellatus,78821-1,78821-1,Species
125,Eucorymbia alba Stapf,Eucorymbia alba,Eucorymbia alba,78988-1,78988-1,Species
126,Fischeria stellata (Vell.) E. Fourn.,Fischeria stellata,Fischeria stellata,97427-1,97427-1,Species
127,Funtumia elastica (Preuss) Stapf,Funtumia elastica,Funtumia elastica,79099-1,79099-1,Species
128,Funtumia africana (Benth.) Stapf,Funtumia africana,Funtumia africana,79098-1,79098-1,Species
129,Galactophora schomburgkiana,Galactophora schomburgkiana,Galactophora schomburgkiana,106756-2,106756-2,Species
130,Geissospermum laeve (Vell.) Miers,Geissospermum laeve,Geissospermum laeve,79123-1,79123-1,Species
131,Geissospermum sericeum Miers,Geissospermum sericeum,Geissospermum sericeum,1006780-1,1006780-1,Species
132,Geissospermum urceolatum A. H. Gentry,Geissospermum urceolatum,Geissospermum urceolatum,277357-2,277357-2,Species
133,Geissospermum argenteum Woodson,Geissospermum argenteum,Geissospermum argenteum,108063-2,108063-2,Species
134,Geissospermum reticulatum A. H. Gentry,Geissospermum reticulatum,Geissospermum reticulatum,277356-2,277356-2,Species
135,Gomphocarpus fruticosus (l.) W. T. Aiton,Gomphocarpus fruticosus,Gomphocarpus fruticosus,97610-1,97610-1,Species
136,Gomphocarpus semilunatus A. Rich.,Gomphocarpus semilunatus,Gomphocarpus semilunatus,97692-1,97692-1,Species
137,Gongronema napalense (Wall.) Decne.,Gongronema napalense,Gongronema napalense,97744-1,97744-1,Species
138,Gonioma malagasy Markgr. & Boiteau,Gonioma malagasy,Gonioma malagasy,79134-1,79134-1,Species
139,Gonioma kamassi E. Mey.,Gonioma kamassi,Gonioma kamassi,79133-1,79133-1,Species
140,Gymnema sylvestre (Retz.) R. Br. ex Sm.,Gymnema sylvestre,Gymnema sylvestre,60454719-2,60454719-2,Species
141,Gymnema decaisneanum Wight,Gymnema decaisneanum,Gymnema decaisneanum,98158-1,98158-1,Species
142,Gymnema elegans Wight & Arn.,Gymnema elegans,Gymnema elegans,98160-1,98160-1,Species
143,Gymnema latifolium Wall. ex Wight,Gymnema latifolium,Gymnema latifolium,98182-1,98182-1,Species
144,Gymnema inodorum (Lour.) Decne.,Gymnema inodorum,Gymnema inodorum,98176-1,98176-1,Species
145,Hancornia speciosa Gomes,Hancornia speciosa,Hancornia speciosa,328991-2,328991-2,Species
146,Haplophyton cimicidum A. DC.,Haplophyton cimicidum,Haplophyton cimicidum,79244-1,79244-1,Species
147,Haplophyton crooksi (L. D. Benson) L. D. Benson,Haplophyton crooksii,Haplophyton crooksii,117868-2,117868-2,Species
148,Hemidesmus indicus (L.) R. Br.,Hemidesmus indicus,Hemidesmus indicus,60443873-2,60443873-2,Species
149,Himatanthus articulatus (Vahl) Woodson,Himatanthus articulatus,Himatanthus articulatus,122688-2,122688-2,Species
150,Himatanthus bracteatus (A. DC.) Woodson,Himatanthus bracteatus,Himatanthus bracteatus,122690-2,122690-2,Species
151,Himatanthus attenuatus (Benth.) Woodson,Himatanthus attenuatus,Himatanthus attenuatus,122689-2,122689-2,Species
152,Himatanthus tarapotensis (K. Schum. Ex Markgr.) Plumel,Himatanthus tarapotensis,Himatanthus tarapotensis,962262-1,962262-1,Species
153,Himatanthus obovatus (Müll. Arg.) Woodson,Himatanthus obovatus,Himatanthus obovatus,122692-2,122692-2,Species
154,Himatanthus revolutus (Huber) Spina & Kin.-Gouv.,Himatanthus revolutus,Himatanthus revolutus,77136056-1,77136056-1,Species
155,Himatanthus drasticus (Mart.) Plumel,Himatanthus drasticus,Himatanthus drasticus,962260-1,962260-1,Species
156,Holarrhena congolensis Stapf,Holarrhena congolensis,Holarrhena congolensis,79294-1,79294-1,Species
157,Holarrhena curtisii King & Gamble,Holarrhena curtisii,Holarrhena curtisii,79297-1,79297-1,Species
158,Holarrhena floribunda (G. Don) T. Durand & Schinz,Holarrhena floribunda,Holarrhena floribunda,79302-1,79302-1,Species
159,Holarrhena pubescens Wal. ex G. Don,Holarrhena pubescens,Holarrhena pubescens,79318-1,79318-1,Species
160,Holarrhena mitis (Vahl) R. Br. Ex Roem. & Schult.,Holarrhena mitis,Holarrhena mitis,79311-1,79311-1,Species
161,Hoodia gordonii (Masson) Sweet ex Decne.,Hoodia gordonii,Hoodia gordonii,98342-1,98342-1,Species
162,Hoya verticillata var. verticillata,Hoya verticillata var. verticillata,Hoya verticillata,98729-1,77173117-1,Variety
163,Hunteria zeylanica (Retz.) Gardner ex Thwaites,Hunteria zeylanica,Hunteria zeylanica,79369-1,79369-1,Species
164,Hunteria umbellata (K. Schum.) Hallier f.,Hunteria umbellata,Hunteria umbellata,79368-1,79368-1,Species
165,Ichnocarpus frutescens,Ichnocarpus frutescens,Ichnocarpus frutescens,79384-1,79384-1,Species
166,Ischnolepis natalensis (Schltr.) Venter,Ischnolepis natalensis,Ischnolepis natalensis,20003295-1,20003295-1,Species
167,Kanahia laniflora (Forssk.) R. Br.,Kanahia laniflora,Kanahia laniflora,98887-1,98887-1,Species
168,Kibatalia laurifolia (Ridl.) Woodson,Kibatalia laurifolia,Kibatalia laurifolia,79456-1,79456-1,Species
169,Kibatalia macrophylla (Pierre ex Hua) Woodson,Kibatalia macrophylla,Kibatalia macrophylla,79460-1,79460-1,Species
170,Kopsia fruticosa (Roxb.) A. DC.,Kopsia fruticosa,Kopsia fruticosa,79497-1,79497-1,Species
171,Kopsia arborea Blume,Kopsia arborea,Kopsia arborea,79490-1,79490-1,Species
172,Kopsia macrophylla Hook. f.,Kopsia macrophylla,Kopsia macrophylla,79511-1,79511-1,Species
173,Kopsia singapurensis Ridl.,Kopsia singapurensis,Kopsia singapurensis,79524-1,79524-1,Species
174,Kopsia deverrei L. Allorge,Kopsia deverrei,Kopsia deverrei,929492-1,929492-1,Species
175,Kopsia hainanensis Tsiang,Kopsia hainanensis,Kopsia hainanensis,79500-1,79500-1,Species
176,Kopsia profunda Markgr.,Kopsia profunda,Kopsia profunda,79519-1,79519-1,Species
177,Kopsia teoi L. Allorge,Kopsia teoi,Kopsia teoi,972022-1,972022-1,Species
178,Kopsia grandifolia D. J. Middleton,Kopsia grandifolia,Kopsia grandifolia,60436655-2,60436655-2,Species
179,Kopsia dasyrachis Ridl.,Kopsia dasyrachis,Kopsia dasyrachis,79494-1,79494-1,Species
180,Kopsia flavida Blume,Kopsia flavida,Kopsia flavida,79496-1,79496-1,Species
181,Kopsia griffithii King & Gamble,Kopsia griffithii,Kopsia griffithii,79499-1,79499-1,Species
182,Kopsia larutensis King & Gamble,Kopsia larutensis,Kopsia larutensis,60436658-2,60436658-2,Species
183,Kopsia pauciflora Hook. f.,Kopsia pauciflora,Kopsia pauciflora,79516-1,79516-1,Species
184,Kopsia tenuis Leenh. & Steems,Kopsia tenuis,Kopsia tenuis,79526-1,79526-1,Species
185,Kopsia lapidilecta Sleesen,Kopsia lapidilecta,Kopsia lapidilecta,79507-1,79507-1,Species
186,Lacmellea panamensis (Woodson) Markgr.,Lacmellea panamensis,Lacmellea panamensis,134499-2,134499-2,Species
187,Landolphia owariensis P. Beauv.,Landolphia owariensis,Landolphia owariensis,79672-1,79672-1,Species
188,Landolphia uniflora (Stapf) Pichon,Landolphia uniflora,Landolphia uniflora,79721-1,79721-1,Species
189,Landolphia buchananii (Hallier f.) Stapf,Landolphia buchananii,Landolphia buchananii,79582-1,79582-1,Species
190,Landolphia dulcis (Sabine ex G. Don) Pichon,Landolphia dulcis,Landolphia dulcis,79607-1,79607-1,Species
191,Landolphia heudelotii A. DC.,Landolphia heudelotii,Landolphia heudelotii,79629-1,79629-1,Species
192,Landolphia lanceolata (K. Schum.) Pichon,Landolphia lanceolata,Landolphia lanceolata,79639-1,79639-1,Species
193,Laubertia boissieri A. DC.,Laubertia boissieri,Laubertia boissieri,324863-2,324863-2,Species
194,Leptadenia pyrotechnica (Forssk.) Decne.,Leptadenia pyrotechnica,Leptadenia pyrotechnica,98980-1,98980-1,Species
195,Leptadenia lanceolata (Poir.) Goyder,Leptadenia lanceolata,Leptadenia lanceolata,77143808-1,77143808-1,Species
196,Leptadenia reticulata (Retz.) Wight & Arn.,Leptadenia reticulata,Leptadenia reticulata,20009712-1,20009712-1,Species
197,Leptadenia lanceolata var. lanceolata,Leptadenia lanceolata subsp. lanceolata,Leptadenia lanceolata,77143808-1,77173519-1,Subspecies
198,Leptadenia madagascariensis Decne.,Leptadenia madagascariensis,Leptadenia madagascariensis,98978-1,98978-1,Species
199,Leuconotis eugeniifolia (Wall. ex G. Don) A. DC.,Leuconotis eugeniifolia,Leuconotis eugeniifolia,77177343-1,77177343-1,Species
200,Leuconotis griffithii Hook. f.,Leuconotis griffithii,Leuconotis griffithii,79773-1,79773-1,Species
201,Macoubea guianensis Aubl.,Macoubea guianensis,Macoubea guianensis,79852-1,79852-1,Species
202,"Macropharynx isthmica (Woodson) J. F. Morales, M. E. Endress & Liede",Macropharynx isthmica,Macropharynx isthmica,77165026-1,77165026-1,Species
203,"Macropharynx peltata (Vell.) J. F. Morales, M. E. Endress & Liede",Macropharynx peltata,Macropharynx peltata,77165028-1,77165028-1,Species
204,Malouetia arborea (Vell.) Miers,Malouetia arborea,Malouetia arborea,79888-1,79888-1,Species
205,Malouetia bequaertiana Woodson,Malouetia bequaertiana,Malouetia bequaertiana,79890-1,79890-1,Species
206,Malouetia tamaquarina (Aubl.) A. DC.,Malouetia tamaquarina,Malouetia tamaquarina,79926-1,79926-1,Species
207,Malouetia glandulifera Miers,Malouetia glandulifera,Malouetia glandulifera,79898-1,79898-1,Species
208,Mandevilla boliviensis (J. J. Veitch),Mandevilla boliviensis,Mandevilla boliviensis,151935-2,151935-2,Species
209,Marsdenia rostrata R. Br.,Marsdenia rostrata,Marsdenia rostrata,99275-1,99275-1,Species
210,Marsdenia cundurango Rchb. f.,Marsdenia cundurango,Marsdenia cundurango,99126-1,99126-1,Species
211,Marsdenia tinctoria R. Br.,Marsdenia tinctoria,Marsdenia tinctoria,99325-1,99325-1,Species
212,Marsdenia tenacissima (Roxb.) Moon,Marsdenia tenacissima,Marsdenia tenacissima,99319-1,99319-1,Species
213,Marsdenia glabra Constantin,Marsdenia glabra,Marsdenia glabra,99160-1,99160-1,Species
214,Marsdenia edulis S. Watson,Marsdenia edulis,Marsdenia edulis,153556-2,153556-2,Species
215,Marsdenia latifolia (Benth.) K. Schum,Marsdenia latifolia,Marsdenia latifolia,99198-1,99198-1,Species
216,Melodinus aeneus Baill.,Melodinus aeneus,Melodinus aeneus,80160-1,80160-1,Species
217,Melodinus australis (F. Muell.) Pierre,Melodinus australis,Melodinus australis,80164-1,80164-1,Species
218,Melodinus axillaris W. T. Wang,Melodinus axillaris,Melodinus axillaris,80166-1,80166-1,Species
219,Melodinus cochinchinensis (Lour.) Merr.,Melodinus cochinchinensis,Melodinus cochinchinensis,80183-1,80183-1,Species
220,Melodinus fusiformis Champ. ex Benth.,Melodinus fusiformis,Melodinus fusiformis,80201-1,80201-1,Species
221,Melodinus reticulatus Boiteau,Melodinus reticulatus,Melodinus reticulatus,80249-1,80249-1,Species
222,Melodinus tenuicaudatus Tsiang & P. T. Li,Melodinus tenuicaudatus,Melodinus tenuicaudatus,80259-1,80259-1,Species
223,Melodinus balansae Baill.,Melodinus balansae,Melodinus balansae,80169-1,80169-1,Species
224,Melodinus scandens J.R.Forst & G.Forst,Melodinus scandens,Melodinus scandens,80253-1,80253-1,Species
225,Melodinus acutiflorus F. Muell.,Melodinus acutiflorus,Melodinus acutiflorus,80158-1,80158-1,Species
226,Melodinus philliraeoides Labill.,Melodinus philliraeoides,Melodinus philliraeoides,80246-1,80246-1,Species
227,Metastelma harleyi Fontella,Metastelma harleyi,Metastelma harleyi,280817-2,280817-2,Species
228,Microplumeria anomala (Müll. Arg.) Markgr.,Microplumeria anomala,Microplumeria anomala,80344-1,80344-1,Species
229,Minaria magisteriana (Rapini) T. U. P. Konno & Rapini,Minaria magisteriana,Minaria magisteriana,77074595-1,77074595-1,Species
230,Mondia whitei (Hook. f.) Skeels,Mondia whitei,Mondia whitei,99812-1,99812-1,Species
231,Monolluma quadrangula (Forssk.) Plowes,Monolluma quadrangula,Monolluma quadrangula,986817-1,986817-1,Species
232,Motandra paniculata (Poir.) I. M. Turner,Motandra paniculata,Motandra paniculata,77158413-1,77158413-1,Species
233,Nerium oleander L.,Nerium oleander,Nerium oleander,80460-1,80460-1,Species
234,Ochrosia compta K. Schum.,Ochrosia compta,Ochrosia compta,80497-1,80497-1,Species
235,Ochrosia moorei (F. Muell.) Benth.,Ochrosia moorei,Ochrosia moorei,80527-1,80527-1,Species
236,Ochrosia alyxioides Guillaumin,Ochrosia alyxioides,Ochrosia alyxioides,80488-1,80488-1,Species
237,Ochrosia poweri F. M. Bailey,Ochrosia poweri,Ochrosia poweri,80538-1,80538-1,Species
238,Ochrosia miana Baill. ex Guillaumin,Ochrosia miana,Ochrosia miana,80524-1,80524-1,Species
239,Ochrosia nakaiana (Koidz.) Koidz. ex H. Hara,Ochrosia nakaiana,Ochrosia nakaiana,80530-1,80530-1,Species
240,Ochrosia silvatica Däniker,Ochrosia silvatica,Ochrosia silvatica,80545-1,80545-1,Species
241,Ochrosia borbonica J. F. Gmel.,Ochrosia borbonica,Ochrosia borbonica,80491-1,80491-1,Species
242,Ochrosia acuminata Trimen ex Valeton,Ochrosia acuminata,Ochrosia acuminata,80487-1,80487-1,Species
243,Ochrosia mulsantii Montrouz.,Ochrosia mulsantii,Ochrosia mulsantii,80528-1,80528-1,Species
244,Ochrosia elliptica Labill.,Ochrosia elliptica,Ochrosia elliptica,80500-1,80500-1,Species
245,Ochrosia oppositifolia (Lam.) K. Schum.,Ochrosia oppositifolia,Ochrosia oppositifolia,80534-1,80534-1,Species
246,Ochrosia glomerata (Blume) F. Muell,Ochrosia glomerata,Ochrosia glomerata,77177054-1,77177054-1,Species
247,Oncinotis nitida Benth.,Oncinotis nitida,Oncinotis nitida,80635-1,80635-1,Species
248,Oncinotis tenuiloba Stapf,Oncinotis tenuiloba,Oncinotis tenuiloba,80641-1,80641-1,Species
249,Oxypetalum banksii R. Br. ex Schult.,Oxypetalum banksii,Oxypetalum banksii,179274-2,179274-2,Species
250,Pachypodium lamerei Drake,Pachypodium lamerei,Pachypodium lamerei,80705-1,80705-1,Species
251,Parahancornia fasciculata (Poir.) Benoist,Parahancornia fasciculata,Parahancornia fasciculata,182946-2,182946-2,Species
252,Parsonsia eucalyptophylla F. Muell.,Parsonsia eucalyptophylla,Parsonsia eucalyptophylla,80910-1,80910-1,Species
253,Parsonsia heterophylla A. Cunn.,Parsonsia heterophylla,Parsonsia heterophylla,80926-1,80926-1,Species
254,Parsonsia alboflavescens (Denst.) Mabb.,Parsonsia alboflavescens,Parsonsia alboflavescens,80868-1,80868-1,Species
255,Parsonsia straminea (R. Br.) F. Muell,Parsonsia straminea,Parsonsia straminea,50061-3,50061-3,Species
256,Parsonsia oligantha (K. Schum.) D. J. Middleton,Parsonsia oligantha,Parsonsia oligantha,995742-1,995742-1,Species
257,Pattalias palustris (Pursh) Fishbein,Pattalias palustris,Pattalias palustris,77174448-1,77174448-1,Species
258,Pentalinon andrieuxii (Müll. Arg.) B. F. Hansen & Wunderlin,Pentalinon andrieuxii,Pentalinon andrieuxii,942488-1,942488-1,Species
259,Pentatropis capensis (L. f.) Bullock,Pentatropis capensis,Pentatropis capensis,100315-1,100315-1,Species
260,Pentopetia albicans (Jum. & H. Perrier) Klack.,Pentopetia albicans,Pentopetia albicans,1011612-1,1011612-1,Species
261,Peplonia adnata (E. Fourn.) U. C. S. Silva & Rapini,Peplonia adnata,Peplonia adnata,77130384-1,77130384-1,Species
262,Peplonia axillaris (Vell.) Fontella & Rapini,Peplonia axillaris,Peplonia axillaris,77064982-1,77064982-1,Species
263,Pergularia daemia (Forssk.) Chiov.,Pergularia daemia,Pergularia daemia,100371-1,100371-1,Species
264,Pergularia daemia subsp. daemia,Pergularia daemia subsp. daemia,Pergularia daemia,100371-1,77172919-1,Subspecies
265,Pergularia tomentosa L.,Pergularia tomentosa,Pergularia tomentosa,100411-1,100411-1,Species
266,Periploca hydaspidis Falc.,Periploca hydaspidis,Periploca hydaspidis,100463-1,100463-1,Species
267,Periploca linearifolia Quart.-Dill. & A. Rich,Periploca linearifolia,Periploca linearifolia,100470-1,100470-1,Species
268,Periploca somaliensis Browicz,Periploca somaliensis,Periploca somaliensis,100504-1,100504-1,Species
269,Petchia cryptophlebia (Baker) Leeuwenb.,Petchia cryptophlebia,Petchia cryptophlebia,997251-1,997251-1,Species
270,Petchia ceylanica (Wight) Livera,Petchia ceylanica,Petchia ceylanica,81104-1,81104-1,Species
271,Petchia erythrocarpa (Vatke) Leeuwenb.,Petchia erythrocarpa,Petchia erythrocarpa,997252-1,997252-1,Species
272,Picralima nitida (Stapf) T. Durand & H. Durand,Picralima nitida,Picralima nitida,81115-1,81115-1,Species
273,Pleiocarpa mutica Benth.,Pleiocarpa mutica,Pleiocarpa mutica,81143-1,81143-1,Species
274,Pleiocarpa pycnantha (K. Schum.) Stapf,Pleiocarpa pycnantha,Pleiocarpa pycnantha,81144-1,81144-1,Species
275,Pleiocarpa rostrata Benth.,Pleiocarpa rostrata,Pleiocarpa rostrata,81145-1,81145-1,Species
276,Pleioceras barteri Baill.,Pleioceras barteri,Pleioceras barteri,81155-1,81155-1,Species
277,Plumeria rubra L.,Plumeria rubra,Plumeria rubra,81275-1,81275-1,Species
278,Plumeria sericifolia C. Wright ex Griseb.,Plumeria sericifolia,Plumeria sericifolia,204004-2,204004-2,Species
279,Plumeria pudica Jacq.,Plumeria pudica,Plumeria pudica,81268-1,81268-1,Species
280,Plumeria obtusa L.,Plumeria obtusa,Plumeria obtusa,81256-1,81256-1,Species
281,Plumeria alba L.,Plumeria alba,Plumeria alba,81171-1,81171-1,Species
282,Prestonia portobellensis (Beurl.) Woodson,Prestonia portobellensis,Prestonia portobellensis,210135-2,210135-2,Species
283,Prestonia amabilis J. F. Morales,Prestonia amabilis,Prestonia amabilis,60436267-2,60436267-2,Species
284,Prestonia amazonica (Benth. ex Müll. Arg.) J. F. Macbr.,Prestonia amazonica,Prestonia amazonica,81326-1,81326-1,Species
285,Prestonia quinquangularis (Jacq.) Spreng.,Prestonia quinquangularis,Prestonia quinquangularis,81405-1,81405-1,Species
286,Prestonia erecta J. F. Morales,Prestonia erecta,Prestonia erecta,1006675-1,1006675-1,Species
287,Prestonia spp. Megagros (Vell.) Woodson,Prestonia megagros,Prestonia megagros,210124-2,210124-2,Species
288,Pteralyxia laurifolia (G. Don) Leeuwenb.,Pteralyxia laurifolia,Pteralyxia laurifolia,1007058-1,1007058-1,Species
289,Rauvolfia pentaphylla Huber ex Ducke,Rauvolfia pentaphylla,Rauvolfia pentaphylla,217935-2,217935-2,Species
290,Rauvolfia mombasiana Stapf,Rauvolfia mombasiana,Rauvolfia mombasiana,81591-1,81591-1,Species
291,Rauvolfia verticillata (Lour.) Baill.,Rauvolfia verticillata,Rauvolfia verticillata,81667-1,81667-1,Species
292,Rauvolfia sumatrana Jack,Rauvolfia sumatrana,Rauvolfia sumatrana,81660-1,81660-1,Species
293,Rauvolfia tetraphylla L.,Rauvolfia tetraphylla,Rauvolfia tetraphylla,81663-1,81663-1,Species
294,Rauvolfia sandwicensis A. DC.,Rauvolfia sandwicensis,Rauvolfia sandwicensis,81642-1,81642-1,Species
295,Rauvolfia vomitoria Wennberg,Rauvolfia vomitoria,Rauvolfia vomitoria,81673-1,81673-1,Species
296,Rauvolfia sprucei Müll. Arg.,Rauvolfia sprucei,Rauvolfia sprucei,81652-1,81652-1,Species
297,Rauvolfia caffra Sond.,Rauvolfia caffra,Rauvolfia caffra,81519-1,81519-1,Species
298,Rhazya stricta Decne.,Rhazya stricta,Rhazya stricta,81712-1,81712-1,Species
299,Saba comorensis (Bojer ex A. DC.) Pichon,Saba comorensis,Saba comorensis,81757-1,81757-1,Species
300,Schizozygia coffeoides Baill.,Schizozygia coffeoides,Schizozygia coffeoides,81764-1,81764-1,Species
301,Secamone alpini Schult.,Secamone alpini,Secamone alpini,101298-1,101298-1,Species
302,Secamone afzelii (Reom. & Schult.) K. Schum.,Secamone afzelii,Secamone afzelii,77079518-1,77079518-1,Species
303,Skytanthus acutus Meyen,Skytanthus acutus,Skytanthus acutus,81785-1,81785-1,Species
304,Solenostemma oleifolium (Nectoux) Bullock & E. A. Bruce ex Maire,Solenostemma oleifolium,Solenostemma oleifolium,101435-1,101435-1,Species
305,Stapelia hirsuta L.,Stapelia hirsuta,Stapelia hirsuta,101613-1,101613-1,Species
306,Strempeliopsis strempelioides Benth.,Strempeliopsis strempelioides,Strempeliopsis strempelioides,81849-1,81849-1,Species
307,Streptocaulon juventas (Lour.) Merr.,Streptocaulon juventas,Streptocaulon juventas,102040-1,102040-1,Species
308,Strophanthus hispidus DC.,Strophanthus hispidus,Strophanthus hispidus,81900-1,81900-1,Species
309,Strophanthus wallichii A. DC.,Strophanthus wallichii,Strophanthus wallichii,81964-1,81964-1,Species
310,Strophanthus eminii Asch. ex Pax,Strophanthus eminii,Strophanthus eminii,81881-1,81881-1,Species
311,Tabernaemontana bovina Lour.,Tabernaemontana bovina,Tabernaemontana bovina,82026-1,82026-1,Species
312,Tabernaemontana hystrix Steud.,Tabernaemontana hystrix,Tabernaemontana hystrix,82157-1,82157-1,Species
313,Tabernaemontana solanifolia A. DC.,Tabernaemontana solanifolia,Tabernaemontana solanifolia,82334-1,82334-1,Species
314,Tabernaemontana alternifolia L.,Tabernaemontana alternifolia,Tabernaemontana alternifolia,81992-1,81992-1,Species
315,Tabernaemontana catharinensis A. DC.,Tabernaemontana catharinensis,Tabernaemontana catharinensis,82043-1,82043-1,Species
316,Tabernaemontana coriacea Link ex Reom. & Schult.,Tabernaemontana coriacea,Tabernaemontana coriacea,248849-2,248849-2,Species
317,Tabernaemontana elegans Stapf,Tabernaemontana elegans,Tabernaemontana elegans,82109-1,82109-1,Species
318,Tabernaemontana laeta Mart.,Tabernaemontana laeta,Tabernaemontana laeta,82175-1,82175-1,Species
319,Tabernaemontana siphilitica (L.f.) Leeuwenb.,Tabernaemontana siphilitica,Tabernaemontana siphilitica,20001045-1,20001045-1,Species
320,Tabernaemontana cymosa (Jacquin) Dug&,Tabernaemontana cymosa,Tabernaemontana cymosa,82084-1,82084-1,Species
321,Tabernaemontana corymbosa Roxb. ex Wall.,Tabernaemontana corymbosa,Tabernaemontana corymbosa,60466167-2,60466167-2,Species
322,Tabernaemontana divaricata (L.) R. Br. ex Roem. & Schult.,Tabernaemontana divaricata,Tabernaemontana divaricata,82097-1,82097-1,Species
323,Tabernaemontana sessilifolia Baker,Tabernaemontana sessilifolia,Tabernaemontana sessilifolia,82330-1,82330-1,Species
324,Tabernaemontana bufalina Lour.,Tabernaemontana bufalina,Tabernaemontana bufalina,82034-1,82034-1,Species
325,Tabernaemontana heterophylla Vahl,Tabernaemontana heterophylla,Tabernaemontana heterophylla,82146-1,82146-1,Species
326,Tabernaemontana pachysiphon Stapf,Tabernaemontana pachysiphon,Tabernaemontana pachysiphon,82263-1,82263-1,Species
327,Tabernaemontana sananho Ruiz & Pav.,Tabernaemontana sananho,Tabernaemontana sananho,82327-1,82327-1,Species
328,Tabernaemontana markgrafiana J. F. Macbr.,Tabernaemontana markgrafiana,Tabernaemontana markgrafiana,288916-2,288916-2,Species
329,Tabernaemontana pandacaqui Poir.,Tabernaemontana pandacaqui,Tabernaemontana pandacaqui,82269-1,82269-1,Species
330,Tabernaemontana stapfiana Britten,Tabernaemontana stapfiana,Tabernaemontana stapfiana,82342-1,82342-1,Species
331,Tabernaemontana arborea Rose,Tabernaemontana arborea,Tabernaemontana arborea,248839-2,248839-2,Species
332,Tabernaemontana donnell-smithii Rose,Tabernaemontana donnell-smithii,Tabernaemontana donnell-smithii,248857-2,248857-2,Species
333,Tabernaemontana linkii A. DC.,Tabernaemontana linkii,Tabernaemontana linkii,82189-1,82189-1,Species
334,Tabernaemontana litoralis Kunth.,Tabernaemontana litoralis,Tabernaemontana litoralis,285810-2,285810-2,Species
335,"Tabernaemontana panamensis (Markgr., Boiteua & L. Allorge) Leeuwenb.",Tabernaemontana panamensis,Tabernaemontana panamensis,248892-2,248892-2,Species
336,Tabernaemontana peduncularis Wall.,Tabernaemontana peduncularis,Tabernaemontana peduncularis,82280-1,82280-1,Species
337,Tabernaemontana angulata Mart. ex Müll. Arg.,Tabernaemontana angulata,Tabernaemontana angulata,82002-1,82002-1,Species
338,Tabernaemontana citrifolia L.,Tabernaemontana citrifolia,Tabernaemontana citrifolia,82055-1,82055-1,Species
339,Tabernaemontana rupicola Benth.,Tabernaemontana rupicola,Tabernaemontana rupicola,82322-1,82322-1,Species
340,Tabernaemontana salzmannii A. DC.,Tabernaemontana salzmannii,Tabernaemontana salzmannii,82325-1,82325-1,Species
341,Tabernaemontana amygdalifolia Jacq.,Tabernaemontana amygdalifolia,Tabernaemontana amygdalifolia,81996-1,81996-1,Species
342,Tabernaemontana alba Mill.,Tabernaemontana alba,Tabernaemontana alba,81985-1,81985-1,Species
343,Tabernaemontana undulata Vahl,Tabernaemontana undulata,Tabernaemontana undulata,82371-1,82371-1,Species
344,Tabernanthe iboga Baill.,Tabernanthe iboga,Tabernanthe iboga,56090-1,56090-1,Species
345,Telosma pallida (Roxb.) Craib,Telosma pallida,Telosma pallida,102161-1,102161-1,Species
346,Temnadenia odorifera (vell.) J. F. Morales,Temnadenia odorifera,Temnadenia odorifera,1007869-1,1007869-1,Species
347,Temnadenia violacea (Vell.) Miers,Temnadenia violacea,Temnadenia violacea,1039841-2,1039841-2,Species
348,Trachelospermum jasminoides (Lindl.) Lem.,Trachelospermum jasminoides,Trachelospermum jasminoides,82553-1,82553-1,Species
349,Urceola polymorpha (Pierre ex Spire) D. J. Middleton & Livsh.,Urceola polymorpha,Urceola polymorpha,77186121-1,77186121-1,Species
350,Vallaris solanacea (Roth) Kuntze,Vallaris solanacea,Vallaris solanacea,82660-1,82660-1,Species
351,Vallaris glabra (L.) Kuntze,Vallaris glabra,Vallaris glabra,82646-1,82646-1,Species
352,Vallesia glabra (Cav.) Link,Vallesia glabra,Vallesia glabra,82668-1,82668-1,Species
353,Vinca erecta Regel & Schmalh.,Vinca erecta,Vinca erecta,82686-1,82686-1,Species
354,Vinca major L.,Vinca major,Vinca major,82697-1,82697-1,Species
355,Vinca minor L.,Vinca minor,Vinca minor,82701-1,82701-1,Species
356,Vinca herbacea Waldst. & Kit.,Vinca herbacea,Vinca herbacea,82691-1,82691-1,Species
357,Vincetoxicum pumilum Decne.,Vincetoxicum pumilum,Vincetoxicum pumilum,102946-1,102946-1,Species
358,Vincetoxicum auriculatum (Royle ex Wight) Kuntze,Vincetoxicum auriculatum,Vincetoxicum auriculatum,102680-1,102680-1,Species
359,Vincetoxicum mongolicum Maxim.,Vincetoxicum mongolicum,Vincetoxicum mongolicum,102881-1,102881-1,Species
360,Vincetoxicum tanakae (Maxim.) Franch. & Sav.,Vincetoxicum tanakae,Vincetoxicum tanakae,103006-1,103006-1,Species
361,Vincetoxicum nigrum (L.) Moench,Vincetoxicum nigrum,Vincetoxicum nigrum,1088174-2,1088174-2,Species
362,Vincetoxicum rossicum (Kleopow) Barbar.,Vincetoxicum rossicum,Vincetoxicum rossicum,60456000-2,60456000-2,Species
363,Vincetoxicum hirundinaria Medik.,Vincetoxicum hirundinaria,Vincetoxicum hirundinaria,102810-1,102810-1,Species
364,Vincetoxicum forrestii (Schltr.) C. Y. Wu & D. Z. Li,Vincetoxicum forrestii,Vincetoxicum forrestii,946558-1,946558-1,Species
365,Vincetoxicum mukdenense Kitag.,Vincetoxicum mukdenense,Vincetoxicum mukdenense,102886-1,102886-1,Species
366,Vincetoxicum dalzellii (Hook. f.) Kuntze,Vincetoxicum dalzellii,Vincetoxicum dalzellii,102744-1,102744-1,Species
367,Vincetoxicum spirale (Forssk.) D. Z. Li,Vincetoxicum spirale,Vincetoxicum spirale,946571-1,946571-1,Species
368,Vincetoxicum atratum (Bung) C. Morren,Vincetoxicum atratum,Vincetoxicum atratum,60457664-2,60457664-2,Species
369,Vincetoxicum stocksii Ali & Khatoon,Vincetoxicum stocksii,Vincetoxicum stocksii,901235-1,901235-1,Species
370,Voacanga africana Stapf,Voacanga africana,Voacanga africana,82719-1,82719-1,Species
371,Voacanga bracteata Stapf,Voacanga bracteata,Voacanga bracteata,82725-1,82725-1,Species
372,Voacanga chalotiana Pierre ex Stapf,Voacanga chalotiana,Voacanga chalotiana,82727-1,82727-1,Species
373,Voacanga globosa (Blaco) Merr.,Voacanga globosa,Voacanga globosa,82738-1,82738-1,Species
374,Voacanga megacarpa Merr.,Voacanga megacarpa,Voacanga megacarpa,82748-1,82748-1,Species
375,Voacanga thouarsii Roem. ex Schult.,Voacanga thouarsii,Voacanga thouarsii,82760-1,82760-1,Species
376,Voacanga foetida (Blume) Rolfe,Voacanga foetida,Voacanga foetida,82734-1,82734-1,Species
377,Voacanga grandifolia (Miq.) Rolfe,Voacanga grandifolia,Voacanga grandifolia,82740-1,82740-1,Species
378,Wattakaka volubilis (L.f.) Stapf,Wattakaka volubilis,Wattakaka volubilis,103061-1,103061-1,Species
379,Wrightia pubescens subsp. laniti (Blanco) Ngan,Wrightia pubescens subsp. laniti,Wrightia pubescens,82875-1,60452495-2,Subspecies
380,Wrightia antidysenterica (L.) R.Br.,Wrightia antidysenterica,Wrightia antidysenterica,82830-1,82830-1,Species
381,Wrightia dubia (Sims) Spreng.,Wrightia dubia,Wrightia dubia,82847-1,82847-1,Species
382,Wrightia karaketii D. J. Middleton,Wrightia karaketii,Wrightia karaketii,77105152-1,77105152-1,Species
383,Wrightia arborea (Dennst.) Mabb.,Wrightia arborea,Wrightia arborea,82831-1,82831-1,Species
384,Wrightia tinctoria (Roxb.) R. Br.,Wrightia tinctoria,Wrightia tinctoria,82890-1,82890-1,Species
385,Wrightia pubescens subsp. penicillata (F. M. Bailey) Ngan,Wrightia pubescens subsp. penicillata,Wrightia pubescens,82875-1,60452497-2,Subspecies
386,Wrightia pubescens R. Br.,Wrightia pubescens,Wrightia pubescens,82875-1,82875-1,Species
387,Wrightia pubescens subsp. pubescens,Wrightia pubescens subsp. pubescens,Wrightia pubescens,82875-1,150353-3,Subspecies
388,Xysmalobium undulatum (L.) W. T. Aiton.,Xysmalobium undulatum,Xysmalobium undulatum,103155-1,103155-1,Species
0,Adina rubella Hance,Adina rubella,Adina rubella,742932-1,742932-1,Species
1,Adina cordifolia (Roxb.) Brandis,Adina cordifolia,Adina cordifolia,742903-1,742903-1,Species
2,Adina eurhyncha (Miq.) Å. Krüger & Löfstrand,Adina eurhyncha,Adina eurhyncha,77142551-1,77142551-1,Species
3,Adina multifolia Havil.,Adina multifolia,Adina multifolia,742920-1,742920-1,Species
4,Adina pilulifera (Lam.) Franch. ex Drake,Adina pilulifera,Adina pilulifera,742927-1,742927-1,Species
5,Adina trichotoma (Zoll. & Moritzi) Benth. & Hook. f. ex B. D. Jacks.,Adina trichotoma,Adina trichotoma,742939-1,742939-1,Species
6,Agathisanthemum bojeri Klotzsch,Agathisanthemum bojeri,Agathisanthemum bojeri,742948-1,742948-1,Species
7,Agathisanthemum globosum (Hochst. ex A. Rich.) Klotzsch,Agathisanthemum globosum,Agathisanthemum globosum,742950-1,742950-1,Species
8,Alibertia dwyeri Delprete & C. H. Perss.,Alibertia dwyeri,Alibertia dwyeri,77116167-1,77116167-1,Species
9,Alibertia edulis (Rich.) A. Rich. ex DC.,Alibertia edulis,Alibertia edulis,743001-1,743001-1,Species
10,Alseis blackiana Hemsl.,Alseis blackiana,Alseis blackiana,743041-1,743041-1,Species
11,Amaioua guianensis Aubl.,Amaioua guianensis,Amaioua guianensis,743074-1,743074-1,Species
12,Amaioua glomerulata (Lam. ex Poir.) Delprete & C. H. Perss.,Amaioua glomerulata,Amaioua glomerulata,77124830-1,77124830-1,Species
13,Amaioua pedicellata Dwyer,Amaioua pedicellata,Amaioua pedicellata,10566-2,10566-2,Species
14,Amaioua magnicarpa Dwyer,Amaioua magnicarpa,Amaioua magnicarpa,10564-2,10564-2,Species
15,Antirhea putaminosa (F. Muell.) F. Muell.,Guettardella putaminosa,Guettardella putaminosa,752116-1,752116-1,Species
16,Aoranthe cladantha (K. Schum.) Somers,Aoranthe cladantha,Aoranthe cladantha,945441-1,945441-1,Species
17,Arachnothryx chiriquiana (Lorence) Borhidi,Arachnothryx chiriquiana,Arachnothryx chiriquiana,1008768-1,1008768-1,Species
18,Arachnothryx buddleioides (Brenth.) Planch.,Arachnothryx buddleioides,Arachnothryx buddleioides,743548-1,743548-1,Species
19,Arachnothryx bertieroides (Standl.) Borhidi,Arachnothryx bertieroides,Arachnothryx bertieroides,17333-2,17333-2,Species
20,Arachnothryx secunda (Standl.) Borhidi,Arachnothryx secunda,Arachnothryx secunda,17383-2,17383-2,Species
21,Arcytophyllum lavarum K. Schum. ex Standl.,Arcytophyllum lavarum,Arcytophyllum lavarum,743605-1,743605-1,Species
22,Argostemma yappii King,Argostemma yappii,Argostemma yappii,743844-1,743844-1,Species
24,Bathysa australis (A. St.-Hil.) K. Schum.,Bathysa australis,Bathysa australis,744363-1,744363-1,Species
25,Bertiera guianensis Aubl.,Bertiera guianensis,Bertiera guianensis,744444-1,744444-1,Species
26,Bertiera bracteosa (Donn. Sm.) B. Ståhl & L. Andersson,Bertiera bracteosa,Bertiera bracteosa,1014064-1,1014064-1,Species
27,Bertiera borbonica A. Rich. ex DC.,Bertiera borbonica,Bertiera borbonica,744422-1,744422-1,Species
28,Breonadia salicina (Vahl) Hepper & J. R. I. Wood,Breonadia salicina,Breonadia salicina,910167-1,910167-1,Species
29,Breonia perrieri Homolle,Breonia perrieri,Breonia perrieri,745154-1,745154-1,Species
30,Breonia sphaerantha (Baill.) Homolle ex Ridsdale,Breonia sphaerantha,Breonia sphaerantha,745156-1,745156-1,Species
31,Burchellia bubalina (L.F.) Sims,Burchellia bubalina,Burchellia bubalina,745198-1,745198-1,Species
32,Calycophyllum candidissimum (Vahl) DC.,Calycophyllum candidissimum,Calycophyllum candidissimum,745241-1,745241-1,Species
33,Calycophyllum multiflorum Griseb.,Calycophyllum multiflorum,Calycophyllum multiflorum,43051-2,43051-2,Species
34,Calycophyllum spruceanum (Benth.) Hook. f. ex K. Schum.,Calycophyllum spruceanum,Calycophyllum spruceanum,745249-1,745249-1,Species
35,Canthium glaucum Hiern,Canthium glaucum,Canthium glaucum,745437-1,745437-1,Species
36,Canthium coromandelicum (Burm. f.) Alston,Canthium coromandelicum,Canthium coromandelicum,745378-1,745378-1,Species
37,Capirona macrophylla (poepp.) Delprete,Capirona macrophylla,Capirona macrophylla,77210192-1,77210192-1,Species
38,Carapichea klugii (Standl.) C. M. Taylor,Carapichea klugii,Carapichea klugii,77132654-1,77132654-1,Species
39,Carapichea ipecacuanha (Brot.) L. Andersson,Carapichea ipecacuanha,Carapichea ipecacuanha,1214950-2,1214950-2,Species
40,Carapichea affinis (Standl.) L. Andersson,Carapichea affinis,Carapichea affinis,1214821-2,1214821-2,Species
41,Catunaregam nilotica (Stapf) Tirveng.,Catunaregam nilotica,Catunaregam nilotica,745903-1,745903-1,Species
42,Catunaregam tomentosa (Blume ex DC.) Tirveng.,Catunaregam tomentosa,Catunaregam tomentosa,745905-1,745905-1,Species
43,Catunaregam spinosa (Thunb.) Tirveng.,Catunaregam spinosa,Catunaregam spinosa,745904-1,745904-1,Species
44,Cephalanthus glabratus (Spreng.) K. Schum.,Cephalanthus glabratus,Cephalanthus glabratus,52091-2,52091-2,Species
45,Cephalanthus natalensis Oliv.,Cephalanthus natalensis,Cephalanthus natalensis,746216-1,746216-1,Species
46,Cephalanthus salicifolius Humb. & Bonpl.,Cephalanthus salicifolius,Cephalanthus salicifolius,746233-1,746233-1,Species
47,Cephalanthus occidentalis L.,Cephalanthus occidentalis,Cephalanthus occidentalis,319140-2,319140-2,Species
48,Cephalanthus tetrandra (Roxb.) Ridsdale & Bakh. f.,Cephalanthus tetrandrus,Cephalanthus tetrandrus,746238-1,746238-1,Species
49,Chassalia blumeana Govaerts,Chassalia blumeana,Chassalia blumeana,77089810-1,77089810-1,Species
50,Chassalia curviflora (Wall.) Thwaites,Chassalia curviflora,Chassalia curviflora,746289-1,746289-1,Species
51,Chassalia kolly (Schumach.) Hepper,Chassalia kolly,Chassalia kolly,746368-1,746368-1,Species
52,Chimarrhis cymosa Jacq.,Chimarrhis cymosa,Chimarrhis cymosa,318431-2,318431-2,Species
53,Chimarrhis turbinata DC.,Chimarrhis turbinata,Chimarrhis turbinata,308173-2,308173-2,Species
54,Chimarrhis parviflora Standl.,Chimarrhis parviflora,Chimarrhis parviflora,56528-2,56528-2,Species
55,Chiococca belizensis Lundell,Chiococca belizensis,Chiococca belizensis,56544-2,56544-2,Species
56,Chiococca phaenostemon Schltdl.,Chiococca phaenostemon,Chiococca phaenostemon,746483-1,746483-1,Species
57,Chiococca alba (L.) Hitchc.,Chiococca alba,Chiococca alba,56535-2,56535-2,Species
58,Ciliosemina pedunculata (H. Karst.) Antonelli,Ciliosemina pedunculata,Ciliosemina pedunculata,77065717-1,77065717-1,Species
59,Cinchona calisaya Wedd.,Cinchona calisaya,Cinchona calisaya,746718-1,746718-1,Species
60,Cinchona pubescens Vahl,Cinchona pubescens,Cinchona pubescens,746872-1,746872-1,Species
61,Cinchona officinalis L.,Cinchona officinalis,Cinchona officinalis,58723-2,58723-2,Species
62,Coccocypselum guianense (Aubl.) K. Schum.,Coccocypselum guianense,Coccocypselum guianense,61955-2,61955-2,Species
63,Coccocypselum herbaceum P. Browne ex Aubl.,Coccocypselum herbaceum,Coccocypselum herbaceum,746962-1,746962-1,Species
64,Coccocypselum hirsutum Bartl. ex DC.,Coccocypselum hirsutum,Coccocypselum hirsutum,746963-1,746963-1,Species
65,Coccocypselum hispidulum (Standl.) Standl.,Coccocypselum hispidulum,Coccocypselum hispidulum,61961-2,61961-2,Species
66,Coffea benghalensis B. Heyne ex Roth,Coffea benghalensis,Coffea benghalensis,747048-1,747048-1,Species
67,Coffea arabica L.,Coffea arabica,Coffea arabica,747038-1,747038-1,Species
68,Coffea canephora Pierre ex A. Froehner,Coffea canephora,Coffea canephora,747068-1,747068-1,Species
69,Coffea liberica var. dewevrei (De. Wild. & T. Durand) Lebrun,Coffea liberica var. dewevrei,Coffea liberica,747169-1,77189827-1,Variety
70,Coffea kianjavatensis J.-F. Leroy,Coffea kianjavatensis,Coffea kianjavatensis,747150-1,747150-1,Species
71,Coffea mauritiana Lam.,Coffea mauritiana,Coffea mauritiana,747190-1,747190-1,Species
72,Condaminea corymbosa (Ruiz & Pav.) DC.,Condaminea corymbosa,Condaminea corymbosa,1010049-2,1010049-2,Species
73,Coptosperma graveolens (S. Moore) Degreef,Coptosperma graveolens,Coptosperma graveolens,20009937-1,20009937-1,Species
74,Cordiera sessilis (Vell.) Kuntze,Cordiera sessilis,Cordiera sessilis,65657-2,65657-2,Species
75,Corynanthe johimbe K. Schum.,Corynanthe johimbe,Corynanthe johimbe,747599-1,747599-1,Species
76,Corynanthe pachyceras K. Schum.,Corynanthe pachyceras,Corynanthe pachyceras,747604-1,747604-1,Species
77,Cosmibuena grandiflora (Ruiz & Pav.) Rusby,Cosmibuena grandiflora,Cosmibuena grandiflora,66725-2,66725-2,Species
78,Cosmibuena valerii (Standl.) C. M. Taylor,Cosmibuena valerii,Cosmibuena valerii,964800-1,964800-1,Species
79,Coussarea suaveolens (Duchass. ex Griseb.) C. M. Taylor,Coussarea suaveolens,Coussarea suaveolens,77211683-1,77211683-1,Species
80,Coutarea hexandra (Jacq.) K. Schum,Coutarea hexandra,Coutarea hexandra,67491-2,67491-2,Species
81,Craterispermum laurinum (Poir.) Benth.,Craterispermum laurinum,Craterispermum laurinum,747810-1,747810-1,Species
82,Crossopteryx febrifuga (Afzel. ex G. Don) Benth.,Crossopteryx febrifuga,Crossopteryx febrifuga,747858-1,747858-1,Species
83,Cuviera longiflora Hiern,Cuviera longiflora,Cuviera longiflora,748070-1,748070-1,Species
84,Danais xanthorrhoea (K. Schum.) Bremek,Danais xanthorrhoea,Danais xanthorrhoea,748178-1,748178-1,Species
85,Danais spp.,Danais,,,34457-1,Genus
86,Deppea blumenaviensis (K. Schum.) Lorence,Deppea blumenaviensis,Deppea blumenaviensis,984883-1,984883-1,Species
87,Deppea grandiflora Schltdl.,Deppea grandiflora,Deppea grandiflora,748310-1,748310-1,Species
88,Dimetia capitellata (Wall. ex G. Don) Neupane & N. Wikstr.,Dimetia capitellata,Dimetia capitellata,77147276-1,77147276-1,Species
89,Diplospora dubia (Lindl.) Masa.,Diplospora dubia,Diplospora dubia,748497-1,748497-1,Species
90,Dolichopentas longiflora (oliv.) Kårehed & B. Bremer,Dolichopentas longiflora,Dolichopentas longiflora,77086225-1,77086225-1,Species
91,Duroia macrophylla Huber,Duroia macrophylla,Duroia macrophylla,86140-2,86140-2,Species
92,Elaeagia auriculata Hemsl.,Elaeagia auriculata,Elaeagia auriculata,748715-1,748715-1,Species
93,Elaeagia myriantha (Standl.) C. M. Taylor & Hammel,Elaeagia myriantha,Elaeagia myriantha,975424-1,975424-1,Species
94,Elaeagia nitidifolia Dwyer,Elaeagia nitidifolia,Elaeagia nitidifolia,88967-2,88967-2,Species
95,Emmenopterys henryi Oliv.,Emmenopterys henryi,Emmenopterys henryi,748742-1,748742-1,Species
96,Eumachia spp.,Eumachia,,,34578-1,Genus
97,Eumachia cymuligera (Müll. Arg.) C. M. Taylor & Razafim,Eumachia cymuligera,Eumachia cymuligera,77164450-1,77164450-1,Species
98,"Eumachia lyciiflora (Baill.) Barrabé, C. M. Taylor & Razafim.",Eumachia lyciiflora,Eumachia lyciiflora,77164484-1,77164484-1,Species
99,"Eumachia oleoides (Baill.) Barrabé, C. M. Taylor & Razafim.",Eumachia oleoides,Eumachia oleoides,77164489-1,77164489-1,Species
100,"Eumachia forsteriana (A. Gray) Barrabé, C. M. Taylor & Razafim.",Eumachia forsteriana,Eumachia forsteriana,77164469-1,77164469-1,Species
101,"Eumachia frutescens (C. T. White) Barrabé, C. M. Taylor & Razafim.",Eumachia frutescens,Eumachia frutescens,77164470-1,77164470-1,Species
102,Eumachia rostrata (Blume) I. M. Turner,Eumachia rostrata,Eumachia rostrata,77195625-1,77195625-1,Species
103,Exallage auricularia (L.) Bremek.,Exallage auricularia,Exallage auricularia,748862-1,748862-1,Species
104,Exallage chrysotricha (Palib.) Neupane & N. Wikstr.,Exallage chrysotricha,Exallage chrysotricha,77147284-1,77147284-1,Species
105,Exostema caribaeum (Jacq.) Schult.,Exostema caribaeum,Exostema caribaeum,1125915-2,1125915-2,Species
106,Fadogia cienkowskii Schweinf.,Fadogia cienkowskii,Fadogia cienkowskii,748960-1,748960-1,Species
107,Fadogiella stigmatoloba (K. Schum.) Robyns,Fadogiella stigmatoloba,Fadogiella stigmatoloba,749030-1,749030-1,Species
108,Faramea occidentalis (L.) A. Rich.,Faramea occidentalis,Faramea occidentalis,1187456-2,1187456-2,Species
109,Feretia apodanthera Delile,Feretia apodanthera,Feretia apodanthera,749328-1,749328-1,Species
110,Galianthe thalictroides (K. Schum.) E. L. Cabral,Galianthe thalictroides,Galianthe thalictroides,963762-1,963762-1,Species
111,Galianthe ramosa E. L. Cabral.,Galianthe ramosa,Galianthe ramosa,300555-2,300555-2,Species
112,Galiniera saxifraga (Hochst.) Bridson,Galiniera saxifraga,Galiniera saxifraga,945333-1,945333-1,Species
113,Galium aparine L.,Galium aparine,Galium aparine,30007294-2,30007294-2,Species
114,Galium mollugo L.,Galium mollugo,Galium mollugo,750253-1,750253-1,Species
115,Galium verum L.,Galium verum,Galium verum,750829-1,750829-1,Species
116,Gardenia ternifolia Schumach. & Thonn.,Gardenia ternifolia,Gardenia ternifolia,751285-1,751285-1,Species
117,Gardenia sokotensis Hutch.,Gardenia sokotensis,Gardenia sokotensis,751250-1,751250-1,Species
118,Gardenia saxatilis E. T. Geddes,Gardenia saxatilis,Gardenia saxatilis,751232-1,751232-1,Species
119,Gardenia urvillei Montrouz.,Gardenia urvillei,Gardenia urvillei,751312-1,751312-1,Species
120,Gardenia ternifolia subsp. jovis-tonantis (Welw.) Verdc.,Gardenia ternifolia subsp. jovis-tonantis,Gardenia ternifolia,751285-1,890351-1,Subspecies
121,Gardenia thunbergia Thunb.,Gardenia thunbergia,Gardenia thunbergia,751291-1,751291-1,Species
122,Gardenia aqualla Stapf & Hutch.,Gardenia aqualla,Gardenia aqualla,750904-1,750904-1,Species
123,Genipa americana L.,Genipa americana,Genipa americana,751331-1,751331-1,Species
124,Geophila macropoda (Ruiz & Pav.) DC.,Geophila macropoda,Geophila macropoda,1080914-2,1080914-2,Species
125,Geophila obvallata (Schumach. & Thonn.) Didr.,Geophila obvallata,Geophila obvallata,751452-1,751452-1,Species
126,Gonzalagunia ovatifolia (Donn. Sm.) B. L. Rob.,Gonzalagunia ovatifolia,Gonzalagunia ovatifolia,112521-2,112521-2,Species
127,Gonzalagunia panamensis (Cav.) K. Schum.,Gonzalagunia panamensis,Gonzalagunia panamensis,30107991-2,30107991-2,Species
128,Gonzalagunia rosea Standl.,Gonzalagunia rosea,Gonzalagunia rosea,112530-2,112530-2,Species
129,Gonzalagunia rudis (Standl.) Standl.,Gonzalagunia rudis,Gonzalagunia rudis,112531-2,112531-2,Species
130,Gonzalagunia stenostachya (Standl.) W. C. Burger,Gonzalagunia stenostachya,Gonzalagunia stenostachya,975248-1,975248-1,Species
131,Guettarda trimera Guillaumin,Guettarda trimera,Guettarda trimera,752093-1,752093-1,Species
132,Guettarda speciosa L.,Guettarda speciosa,Guettarda speciosa,752069-1,752069-1,Species
133,Guettarda heterosepala Guillaumin,Guettarda heterosepala,Guettarda heterosepala,751948-1,751948-1,Species
134,Guettarda uruguensis Cham. & Schltdl.,Guettarda uruguensis,Guettarda uruguensis,114647-2,114647-2,Species
135,Guettarda elliptica Sw.,Guettarda elliptica,Guettarda elliptica,114528-2,114528-2,Species
136,Guettarda calyptrata A. Rich.,Guettarda calyptrata,Guettarda calyptrata,114492-2,114492-2,Species
137,Gyrostipula foveolata (Capuron) J.-F. Leroy,Gyrostipula foveolata,Gyrostipula foveolata,752146-1,752146-1,Species
138,Hamelia axillaris Sw.,Hamelia axillaris,Hamelia axillaris,117176-2,117176-2,Species
139,Hamelia barbata Standl.,Hamelia barbata,Hamelia barbata,117178-2,117178-2,Species
140,Hamelia calycosa Donn. Sm.,Hamelia calycosa,Hamelia calycosa,117182-2,117182-2,Species
141,Hamelia patens Jacq.,Hamelia patens,Hamelia patens,752194-1,752194-1,Species
142,Hamelia sanguinea Elias,Hamelia sanguinea,Hamelia sanguinea,297071-2,297071-2,Species
143,Hamelia xerocarpa Kuntze,Hamelia xerocarpa,Hamelia xerocarpa,117219-2,117219-2,Species
144,Heinsia crinita (Wennberg) G. Taylor,Heinsia crinita,Heinsia crinita,753022-1,753022-1,Species
145,Hexasepalum scandens (Sw.) J. H. Kirkbr. & Delprete,Hexasepalum scandens,Hexasepalum scandens,77154344-1,77154344-1,Species
146,Hillia palmana Standl.,Hillia palmana,Hillia palmana,122675-2,122675-2,Species
147,Hillia panamensis Standl.,Hillia panamensis,Hillia panamensis,122676-2,122676-2,Species
148,Hillia tetrandra Sw.,Hillia tetrandra,Hillia tetrandra,753106-1,753106-1,Species
149,Hillia triflora (Oerst.) C. M. Taylor,Hillia triflora,Hillia triflora,947182-1,947182-1,Species
150,Himalrandia tetrasperma (Wall. ex Roxb.) T. Yamaz,Himalrandia tetrasperma,Himalrandia tetrasperma,753117-1,753117-1,Species
151,Hintonia latiflora (Sessé & Moc. ex DC.) Bullock,Hintonia latiflora,Hintonia latiflora,122717-2,122717-2,Species
152,Hoffmannia areolata Standl.,Hoffmannia areolata,Hoffmannia areolata,123228-2,123228-2,Species
153,Hoffmannia subauriculata Standl.,Hoffmannia subauriculata,Hoffmannia subauriculata,123330-2,123330-2,Species
154,Hoffmannia manussatani Dwyer,Hoffmannia manussatani,Hoffmannia manussatani,753222-1,753222-1,Species
155,Hoffmannia vesciculifera Standl.,Hoffmannia vesciculifera,Hoffmannia vesciculifera,123343-2,123343-2,Species
156,Hoffmannia bullata L. O. Williams,Hoffmannia bullata,Hoffmannia bullata,123236-2,123236-2,Species
157,Hoffmannia cercidifolia Dwyer,Hoffmannia cercidifolia,Hoffmannia cercidifolia,123240-2,123240-2,Species
158,Hoffmannia congesta (Oerst.) Dwyer,Hoffmannia congesta,Hoffmannia congesta,975249-1,975249-1,Species
159,Hoffmannia longepetiolata Pol.,Hoffmannia longepetiolata,Hoffmannia longepetiolata,753217-1,753217-1,Species
160,Hoffmannia morii Dwyer,Hoffmannia morii,Hoffmannia morii,123289-2,123289-2,Species
161,Hoffmannia pittieri Standl.,Hoffmannia pittieri,Hoffmannia pittieri,123310-2,123310-2,Species
162,Hoffmannia psychotriifolia (Benth.) Griseb.,Hoffmannia psychotriifolia,Hoffmannia psychotriifolia,753249-1,753249-1,Species
163,Hoffmannia viridis Rusby,Hoffmannia viridis,Hoffmannia viridis,123345-2,123345-2,Species
164,Hydnophytum formicarum Jack,Hydnophytum formicarum,Hydnophytum formicarum,753446-1,753446-1,Species
165,Hymenodictyon pachyantha K. Krause,Hymenodictyon pachyantha,Hymenodictyon pachyantha,753564-1,753564-1,Species
166,Hymenodictyon floribundum (Hochst. & Steud.) B. L. Rob.,Hymenodictyon floribundum,Hymenodictyon floribundum,753550-1,753550-1,Species
167,Hymenodictyon orixense (Roxb.) Mabb.,Hymenodictyon orixense,Hymenodictyon orixense,910769-1,910769-1,Species
168,Isertia coccinea (Aubl.) J. F. Gmel.,Isertia coccinea,Isertia coccinea,30281446-2,30281446-2,Species
169,Isertia laevis (Triana) B. M. Boom,Isertia laevis,Isertia laevis,278892-2,278892-2,Species
170,Isertia haenkeana DC.,Isertia haenkeana,Isertia haenkeana,753632-1,753632-1,Species
171,Isertia hypoleuca Benth.,Isertia hypoleuca,Isertia hypoleuca,753635-1,753635-1,Species
172,Ixora amplexicaulis Gillespie,Ixora amplexicaulis,Ixora amplexicaulis,753703-1,753703-1,Species
173,Ixora undulata Roxb. ex Sm.,Ixora undulata,Ixora undulata,754544-1,754544-1,Species
174,Ixora brevifolia Benth.,Ixora brevifolia,Ixora brevifolia,315603-2,315603-2,Species
175,Ixora pavetta Andrews,Ixora pavetta,Ixora pavetta,754326-1,754326-1,Species
176,Ixora chinensis Lam.,Ixora chinensis,Ixora chinensis,753834-1,753834-1,Species
177,Ixora coccinea L.,Ixora coccinea,Ixora coccinea,753844-1,753844-1,Species
178,Joosia panamensis Dwyer,Joosia panamensis,Joosia panamensis,131692-2,131692-2,Species
179,Keetia multiflora (Schumach. & Thonn.) Bridson,Keetia multiflora,Keetia multiflora,943151-1,943151-1,Species
180,Keetia hispida (Benth.) Bridson,Keetia hispida,Keetia hispida,943147-1,943147-1,Species
181,Keetia venosa (Oliv.) Bridson,Keetia venosa,Keetia venosa,943138-1,943138-1,Species
182,Keetia leucantha (K. Krause) Bridson,Keetia leucantha,Keetia leucantha,943149-1,943149-1,Species
183,Keetia zanzibarica (Klotzsch) Bridson,Keetia zanzibarica,Keetia zanzibarica,943140-1,943140-1,Species
184,Khasiaclunea oligocephala (Havil.) Ridsdale,Khasiaclunea oligocephala,Khasiaclunea oligocephala,754656-1,754656-1,Species
185,Kohautia aspera (B. Heyne ex Roth) Bremek.,Kohautia aspera,Kohautia aspera,754709-1,754709-1,Species
186,Ladenbergia oblongifolia (Humb. ex Mutis) L. Andersson,Ladenbergia oblongifolia,Ladenbergia oblongifolia,1106418-2,1106418-2,Species
187,Ladenbergia hexandra (Pohl) Klotzsch,Ladenbergia hexandra,Ladenbergia hexandra,754828-1,754828-1,Species
188,Ladenbergia macrocarpa (Vahl) Klotzsch,Ladenbergia macrocarpa,Ladenbergia macrocarpa,1215741-2,1215741-2,Species
189,Ladenbergia bullata (Wedd.) Standl.,Ladenbergia bullata,Ladenbergia bullata,134593-2,134593-2,Species
190,Lerchea bracteata Valeton,Lerchea bracteata,Lerchea bracteata,755323-1,755323-1,Species
191,Lerchea parviflora Axelius,Lerchea parviflora,Lerchea parviflora,931538-1,931538-1,Species
192,Ludekia bernardoi (Merr.) Ridsdale,Ludekia bernardoi,Ludekia bernardoi,755403-1,755403-1,Species
193,Macrocnemum roseum (Ruiz & Pav.) Wedd.,Macrocnemum roseum,Macrocnemum roseum,755513-1,755513-1,Species
194,Manettia flexilis Brandegee,Manettia flexilis,Manettia flexilis,152169-2,152169-2,Species
195,Manettia coccinea (aubl.) Forsyth f.,Manettia coccinea,Manettia coccinea,755646-1,755646-1,Species
196,Manettia reclinata L.,Manettia reclinata,Manettia reclinata,755756-1,755756-1,Species
197,Massularia acuminata (G. Don) Bullock ex Hoyle,Massularia acuminata,Massularia acuminata,756020-1,756020-1,Species
198,Meyna laxiflora Robyns,Meyna laxiflora,Meyna laxiflora,756200-1,756200-1,Species
199,Mitracarpus hirtus (L.) DC.,Mitracarpus hirtus,Mitracarpus hirtus,756228-1,756228-1,Species
200,Mitragyna diversifolia (Wall. ex. G. Don) Havil.,Mitragyna diversifolia,Mitragyna diversifolia,756293-1,756293-1,Species
201,Mitragyna parvifolia (Roxb.) Korth.,Mitragyna parvifolia,Mitragyna parvifolia,756300-1,756300-1,Species
202,Mitragyna inermis (Willd.) Kuntze,Mitragyna inermis,Mitragyna inermis,756296-1,756296-1,Species
203,Mitragyna speciosa Korth.,Mitragyna speciosa,Mitragyna speciosa,756303-1,756303-1,Species
204,Mitragyna stipulosa (DC.) Kuntze,Mitragyna stipulosa,Mitragyna stipulosa,756304-1,756304-1,Species
205,Mitragyna tubulosa (Arn.) Kuntze,Mitragyna tubulosa,Mitragyna tubulosa,756305-1,756305-1,Species
206,Mitragyna rubrostipulata (K. Schum.) Havil.,Mitragyna rubrostipulata,Mitragyna rubrostipulata,756302-1,756302-1,Species
207,Mitragyna hirsuta Havil.,Mitragyna hirsuta,Mitragyna hirsuta,756294-1,756294-1,Species
208,Mitragyna ledermannii (K. Krause) Ridsdale,Mitragyna stipulosa,Mitragyna stipulosa,756304-1,756304-1,Species
209,Morinda chrysorhiza (Thonn.) DC.,Morinda chrysorhiza,Morinda chrysorhiza,756356-1,756356-1,Species
210,Morinda lucida Benth.,Morinda lucida,Morinda lucida,756419-1,756419-1,Species
211,Morinda morindoides (Baker) Milne-Redh.,Morinda morindoides,Morinda morindoides,756428-1,756428-1,Species
212,Morinda citrifolia L.,Morinda citrifolia,Morinda citrifolia,756359-1,756359-1,Species
213,Morinda asteroscepa K. Schum.,Morinda asteroscepa,Morinda asteroscepa,756331-1,756331-1,Species
214,Mussaenda frondosa L.,Mussaenda frondosa,Mussaenda frondosa,756632-1,756632-1,Species
215,Mussaenda anisophylla S. Vidal,Mussaenda anisophylla,Mussaenda anisophylla,756541-1,756541-1,Species
216,Mussaenda roxburghii Hook.f.,Mussaenda roxburghii,Mussaenda roxburghii,756798-1,756798-1,Species
217,Mussaenda macrophylla Wall.,Mussaenda macrophylla,Mussaenda macrophylla,756718-1,756718-1,Species
218,Mycetia faberi (Hemsl.) Razafim. & B. Bremer,Mycetia faberi,Mycetia faberi,77147262-1,77147262-1,Species
219,Mycetia nutans (R. Br. ex Kurz) Razafim. & B. Bremer,Mycetia nutans,Mycetia nutans,77147264-1,77147264-1,Species
220,Mycetia longifolia (Wall.) Kuntze,Mycetia longifolia,Mycetia longifolia,756896-1,756896-1,Species
221,Myrmeconauclea strigosa (Korth.) Merr.,Myrmeconauclea strigosa,Myrmeconauclea strigosa,757009-1,757009-1,Species
222,Nauclea pobeguinii (Hua ex Pobég.) Merr.,Nauclea pobeguinii,Nauclea pobeguinii,757209-1,757209-1,Species
223,Nauclea latifolia Sm.,Nauclea latifolia,Nauclea latifolia,757144-1,757144-1,Species
224,Nauclea officinalis (Pierre ex Pit.) Merr. & Chun,Nauclea officinalis,Nauclea officinalis,77078143-1,77078143-1,Species
225,Nauclea diderrichii (De Wild.) Merr.,Nauclea diderrichii,Nauclea diderrichii,757089-1,757089-1,Species
226,Nauclea orientalis (L.) L.,Nauclea orientalis,Nauclea orientalis,757181-1,757181-1,Species
227,Nauclea parva (Havil.) Merr.,Nauclea parva,Nauclea parva,757196-1,757196-1,Species
228,Nauclea robinsonii Merr.,Nauclea robinsonii,Nauclea robinsonii,757225-1,757225-1,Species
229,Nauclea subdita (Korth.) Stued.,Nauclea subdita,Nauclea subdita,757259-1,757259-1,Species
230,Nauclea tenuiflora (Havil.) Merr.,Nauclea tenuiflora,Nauclea tenuiflora,757268-1,757268-1,Species
231,Neanotis hirsuta (L. f.) W. H. Lewis,Neanotis hirsuta,Neanotis hirsuta,757302-1,757302-1,Species
232,Neolamarckia cadamba (Roxb.) Bosser,Neolamarckia cadamba,Neolamarckia cadamba,914296-1,914296-1,Species
233,Neolamarckia macrophylla (Roxb.) Bosser,Neolamarckia macrophylla,Neolamarckia macrophylla,914297-1,914297-1,Species
234,Neonauclea purpurea (Roxb.) Merr.,Neonauclea purpurea,Neonauclea purpurea,60459147-2,60459147-2,Species
235,Neonauclea acuminata Ridsdale,Neonauclea acuminata,Neonauclea acuminata,757377-1,757377-1,Species
236,Neonauclea angustifolia (Havil.) Merr.,Neonauclea angustifolia,Neonauclea angustifolia,757378-1,757378-1,Species
237,Neonauclea bartlingii (DC.) Merr.,Neonauclea bartlingii,Neonauclea bartlingii,757381-1,757381-1,Species
238,Neonauclea brassii S. Moore,Neonauclea brassii,Neonauclea brassii,757383-1,757383-1,Species
239,Neonauclea calycina (Bartl. ex DC.) Merr.,Neonauclea calycina,Neonauclea calycina,757384-1,757384-1,Species
240,Neonauclea chalmersii (F. Muell.) Merr.,Neonauclea chalmersii,Neonauclea chalmersii,757387-1,757387-1,Species
241,Neonauclea clemensiae Merr. & L. M. Perry,Neonauclea clemensiae,Neonauclea clemensiae,757388-1,757388-1,Species
242,Neonauclea cyclophylla (Miq.) Merr.,Neonauclea cyclophylla,Neonauclea cyclophylla,757390-1,757390-1,Species
243,Neonauclea excelsa (Blume) Merr.,Neonauclea excelsa,Neonauclea excelsa,757394-1,757394-1,Species
244,Neonauclea formicaria (Elmer) Merr.,Neonauclea formicaria,Neonauclea formicaria,757396-1,757396-1,Species
245,Neonauclea glabra (Roxb.) Bahk. f. & Ridsdale,Neonauclea glabra,Neonauclea glabra,946772-1,946772-1,Species
246,Neonauclea hagenii (Lauterb. & K. Schum.) Merr.,Neonauclea hagenii,Neonauclea hagenii,757405-1,757405-1,Species
247,Neonauclea lanceolata (Blume) Merr.,Neonauclea lanceolata,Neonauclea lanceolata,757410-1,757410-1,Species
248,Neonauclea lanceolata subsp. gracilis (Vidal) Ridsdale,Neonauclea lanceolata subsp. gracilis,Neonauclea lanceolata,757410-1,955339-1,Subspecies
249,Neonauclea longipedunculata Merr.,Neonauclea longipedunculata,Neonauclea longipedunculata,757411-1,757411-1,Species
250,Neonauclea media (Havil.) Merr.,Neonauclea media,Neonauclea media,757414-1,757414-1,Species
251,Neonauclea obversifolia (Valeton) Merr. & L. M. Perry,Neonauclea obversifolia,Neonauclea obversifolia,757425-1,757425-1,Species
252,Neonauclea reticulata (Havil.) Merr.,Neonauclea reticulata,Neonauclea reticulata,757436-1,757436-1,Species
253,Neonauclea sessilifolia (Roxb.) Merr.,Neonauclea sessilifolia,Neonauclea sessilifolia,757439-1,757439-1,Species
254,Notopleura camponutans (Dwyer & M. V. Hayden) C. M. Taylor,Notopleura camponutans,Notopleura camponutans,1096070-2,1096070-2,Species
255,Ochreinauclea maingayi (Hook. f.) Ridsdale,Ochreinauclea maingayi,Ochreinauclea maingayi,757659-1,757659-1,Species
256,Oldenlandia corymbosa L.,Oldenlandia corymbosa,Oldenlandia corymbosa,757791-1,757791-1,Species
257,Oldenlandia lancifolia (Schumach.) DC.,Oldenlandia lancifolia,Oldenlandia lancifolia,757942-1,757942-1,Species
258,Oldenlandia affinis (Roem. & Schult.) DC.,Oldenlandia affinis,Oldenlandia affinis,757678-1,757678-1,Species
259,Ophiorrhiza bracteata Korth.,Ophiorrhiza bracteata,Ophiorrhiza bracteata,758383-1,758383-1,Species
260,Ophiorrhiza communis Ridl.,Ophiorrhiza discolor,Ophiorrhiza discolor,758420-1,758420-1,Species
261,Ophiorrhiza discolor R. Br. ex G. Don.,Ophiorrhiza discolor,Ophiorrhiza discolor,758420-1,758420-1,Species
262,Ophiorrhiza filistipula Miq.,Ophiorrhiza filistipula,Ophiorrhiza filistipula,758438-1,758438-1,Species
263,Ophiorrhiza japonica Blume,Ophiorrhiza japonica,Ophiorrhiza japonica,758479-1,758479-1,Species
264,Ophiorrhiza kunstleri King,Ophiorrhiza kunstleri,Ophiorrhiza kunstleri,758486-1,758486-1,Species
265,Ophiorrhiza kuroiwae Makino,Ophiorrhiza kuroiwae,Ophiorrhiza kuroiwae,50884217-1,50884217-1,Species
266,Ophiorrhiza marginata Blume,Ophiorrhiza marginata,Ophiorrhiza marginata,758518-1,758518-1,Species
267,Ophiorrhiza pumila Champ. ex Benth.,Ophiorrhiza pumila,Ophiorrhiza pumila,758576-1,758576-1,Species
268,Ophiorrhiza remotiflora Ridl.,Ophiorrhiza rosea,Ophiorrhiza rosea,758591-1,758591-1,Species
269,Ophiorrhiza rosacea Ridl.,Ophiorrhiza rosacea,Ophiorrhiza rosacea,758590-1,758590-1,Species
270,Ophiorrhiza teysmannii Miq.,Ophiorrhiza teysmannii,Ophiorrhiza teysmannii,758642-1,758642-1,Species
271,Ophiorrhiza tomentosa Jack ex Roxb.,Ophiorrhiza tomentosa,Ophiorrhiza tomentosa,758646-1,758646-1,Species
272,Ophiorrhiza blumeana Korth.,Ophiorrhiza blumeana,Ophiorrhiza blumeana,758379-1,758379-1,Species
273,Otiophora pauciflora Baker,Otiophora pauciflora,Otiophora pauciflora,758708-1,758708-1,Species
274,Pagamea guianensis Aubl.,Pagamea guianensis,Pagamea guianensis,546863-1,546863-1,Species
275,Palicourea lasiorrhachis Oerst.,Palicourea lasiorrhachis,Palicourea lasiorrhachis,759171-1,759171-1,Species
276,Palicourea rigidifolia (Dwyer & M. V. Hayden) Dwyer,Palicourea rigidifolia,Palicourea rigidifolia,759301-1,759301-1,Species
277,Palicourea tumidonodosa Dwyer,Palicourea tumidonodosa,Palicourea tumidonodosa,181248-2,181248-2,Species
278,Palicourea deflexa (DC.) Borhidi,Palicourea deflexa,Palicourea deflexa,77115599-1,77115599-1,Species
279,Palicourea acuminata (Benth.) Borhidi,Palicourea acuminata,Palicourea acuminata,77115588-1,77115588-1,Species
280,Palicourea adusta Standl.,Palicourea adusta,Palicourea adusta,180889-2,180889-2,Species
281,Palicourea alpina (Sw.) DC.,Palicourea alpina,Palicourea alpina,758987-1,758987-1,Species
282,Palicourea axillaris (Sw.) Borhidi,Palicourea axillaris,Palicourea axillaris,77115589-1,77115589-1,Species
283,Palicourea chiriquiensis (Standl.) Borhidi,Palicourea chiriquiensis,Palicourea chiriquiensis,77161804-1,77161804-1,Species
284,Palicourea coriacea (Cham.) K. Schum.,Palicourea coriacea,Palicourea coriacea,180957-2,180957-2,Species
285,Palicourea correae (Dwyer & M. V. Hayden) Borhidi,Palicourea correae,Palicourea correae,77161806-1,77161806-1,Species
286,Palicourea crocea (Sw.) Schult.,Palicourea crocea,Palicourea crocea,759061-1,759061-1,Species
287,Palicourea croceoides Ham.,Palicourea croceoides,Palicourea croceoides,759062-1,759062-1,Species
288,Palicourea cyanococca (Seem. ex Dombrain) Borhidi,Palicourea cyanococca,Palicourea cyanococca,77161808-1,77161808-1,Species
289,Palicourea dichroa (Standl.) Borhidi,Palicourea dichroa,Palicourea dichroa,77161810-1,77161810-1,Species
290,Palicourea didymocarpos (A. Rich. ex DC.) Griseb,Palicourea didymocarpos,Palicourea didymocarpos,759077-1,759077-1,Species
291,Palicourea domingensis (Jacq.) DC.,Palicourea domingensis,Palicourea domingensis,759083-1,759083-1,Species
292,Palicourea elata (Sw.) Borhidi,Palicourea elata,Palicourea elata,77115600-1,77115600-1,Species
293,Palicourea fastigiata Kunth,Palicourea fastigiata,Palicourea fastigiata,212772-2,212772-2,Species
294,Palicourea garciae Standl.,Palicourea garciae,Palicourea garciae,181002-2,181002-2,Species
295,Palicourea glomerulata (Donn. Sm.) Borhidi,Palicourea glomerulata,Palicourea glomerulata,77115607-1,77115607-1,Species
296,Palicourea gracilenta (Müll. Arg.) Delprete & J. H. Kirkbr.,Palicourea gracilenta,Palicourea gracilenta,77161069-1,77161069-1,Species
297,Palicourea hoffmannseggiana (Willd. ex Schult.) Borhidi,Palicourea hoffmannseggiana,Palicourea hoffmannseggiana,77115613-1,77115613-1,Species
298,Palicourea luxurians (Rusby) Borhidi,Palicourea luxurians,Palicourea luxurians,77161819-1,77161819-1,Species
299,Palicourea mamillaris (Müll. Arg.) C M. Taylor,Palicourea mamillaris,Palicourea mamillaris,77160487-1,77160487-1,Species
300,Palicourea marcgravii A. St.-Hil.,Palicourea marcgravii,Palicourea marcgravii,759213-1,759213-1,Species
301,Palicourea minutiflora (Müll. Arg.) C. M. Taylor,Palicourea minutiflora,Palicourea minutiflora,77160489-1,77160489-1,Species
302,Palicourea muscosa (Jaqc.) Delprete & J. H. Kirbr.,Palicourea muscosa,Palicourea muscosa,77161081-1,77161081-1,Species
303,Palicourea padifolia (Willd. ex Schult.) C. M. Taylor & Lorence,Palicourea padifolia,Palicourea padifolia,281971-2,281971-2,Species
304,Palicourea prunifolia (Kunth) Borhidi,Palicourea prunifolia,Palicourea prunifolia,77161909-1,77161909-1,Species
305,Palicourea ovalis Standl.,Palicourea ovalis,Palicourea ovalis,181140-2,181140-2,Species
306,Palicourea rigida Kunth,Palicourea rigida,Palicourea rigida,759300-1,759300-1,Species
307,Palicourea semirasa Standl.,Palicourea semirasa,Palicourea semirasa,181212-2,181212-2,Species
308,Palicourea sessilis (Vell.) C. M. Taylor,Palicourea sessilis,Palicourea sessilis,77153573-1,77153573-1,Species
309,Palicourea suerrensis (Donn. Sm.) Borhidi,Palicourea suerrensis,Palicourea suerrensis,77161833-1,77161833-1,Species
310,Palicourea tsakiana (C. M. Taylor) C. M. Taylor,Palicourea tsakiana,Palicourea tsakiana,77160497-1,77160497-1,Species
311,Palicourea winkleri Borhidi,Palicourea winkleri,Palicourea winkleri,77150875-1,77150875-1,Species
312,Palicourea apoda (Steyerm.) Delprete & J. H. Kirkbr.,Palicourea apoda,Palicourea apoda,60473600-2,60473600-2,Species
313,Palicourea jungiana C. M. Taylor,Palicourea jungiana,Palicourea jungiana,77153570-1,77153570-1,Species
314,Palicourea pleiocephala (Müll. Arg.) C. M. Taylor,Palicourea pleiocephala,Palicourea pleiocephala,77153572-1,77153572-1,Species
315,Palicourea tomentosa (Aubl.) Borhidi,Palicourea tomentosa,Palicourea tomentosa,77115635-1,77115635-1,Species
316,Palicourea triphylla DC.,Palicourea triphylla,Palicourea triphylla,759353-1,759353-1,Species
317,Palicourea bella (Standl.) Dwyer,Palicourea bella,Palicourea bella,180914-2,180914-2,Species
318,Palicourea ochnoides Dwyer,Palicourea ochnoides,Palicourea ochnoides,181134-2,181134-2,Species
319,Palicourea woronovii (Standl.) Bruniera & C. M. Taylor,Palicourea woronovii,Palicourea woronovii,77149703-1,77149703-1,Species
320,Palicourea colorata (Hoffmanns. ex Willd.) Delprete & J. H. Kirkbr,Palicourea colorata,Palicourea colorata,77161054-1,77161054-1,Species
321,Pavetta crassipes K. Schum.,Pavetta crassipes,Pavetta crassipes,759639-1,759639-1,Species
322,Pavetta tomentosa Roxb. ex Sm.,Pavetta tomentosa,Pavetta tomentosa,760100-1,760100-1,Species
323,Pavetta corymbosa (Dc.) F. N. Williams,Pavetta corymbosa,Pavetta corymbosa,759636-1,759636-1,Species
324,Pavetta schumanniana F. Hoffm. ex K. Schum.,Pavetta schumanniana,Pavetta schumanniana,760027-1,760027-1,Species
325,Pentagonia nuciformis Dwyer,Pentagonia nuciformis,Pentagonia nuciformis,188114-2,188114-2,Species
326,Pentagonia pinnatifida Seem.,Pentagonia pinnatifida,Pentagonia pinnatifida,760190-1,760190-1,Species
327,Pentagonia wendlandii Hook. f.,Pentagonia wendlandii,Pentagonia wendlandii,760201-1,760201-1,Species
328,Pentagonia macrophylla Benth.,Pentagonia macrophylla,Pentagonia macrophylla,760184-1,760184-1,Species
329,Pentagonia gymnopoda (Standl.) Standl.,Pentagonia gymnopoda,Pentagonia gymnopoda,188109-2,188109-2,Species
330,Pentanisia ouranogyne S. Moore,Pentanisia ouranogyne,Pentanisia ouranogyne,760224-1,760224-1,Species
331,Pentas lanceolata (Forssk.) Deflers,Pentas lanceolata,Pentas lanceolata,760275-1,760275-1,Species
332,Pentas micrantha Baker,Pentas micrantha,Pentas micrantha,760284-1,760284-1,Species
333,Pittoniotis trichantha Griseb.,Pittoniotis trichantha,Pittoniotis trichantha,760476-1,760476-1,Species
334,Plocama calabrica (L. f.) M Backlund & Thulin,Plocama calabrica,Plocama calabrica,77080086-1,77080086-1,Species
335,Pogonopus tubulosus (A. Rich. ex DC.) K. Schum.,Pogonopus tubulosus,Pogonopus tubulosus,204805-2,204805-2,Species
336,Pogonopus speciosus (Jacq.) K. Schum.,Pogonopus speciosus,Pogonopus speciosus,204802-2,204802-2,Species
337,Posoqueria latifolia (Rudge) Schult.,Posoqueria latifolia,Posoqueria latifolia,1079607-2,1079607-2,Species
338,Posoqueria grandiflora Standl.,Posoqueria grandiflora,Posoqueria grandiflora,208720-2,208720-2,Species
339,Prismatomeris sessiliflora Pierre ex Pit.,Prismatomeris sessiliflora,Prismatomeris sessiliflora,761150-1,761150-1,Species
340,Prismatomeris fragrans E. T. Geddes,Prismatomeris fragrans,Prismatomeris fragrans,761131-1,761131-1,Species
341,Prismatomeris tetrandra subsp. malayana (Ridl.) J. T. Johanss.,Prismatomeris tetrandra subsp. malayana,Prismatomeris tetrandra,761152-1,953920-1,Subspecies
342,Psychotria brachyceras Müll. Arg.,Psychotria brachyceras,Psychotria brachyceras,761527-1,761527-1,Species
343,Psychotria brachypoda (Müll. Arg.) Britton,Psychotria brachypoda,Psychotria brachypoda,212532-2,212532-2,Species
344,Psychotria calocarpa Kurz,Psychotria calocarpa,Psychotria calocarpa,761603-1,761603-1,Species
345,Psychotria henryi H. Lév,Psychotria henryi,Psychotria henryi,762210-1,762210-1,Species
346,Psychotria malayana Jack,Psychotria malayana,Psychotria malayana,762593-1,762593-1,Species
347,Psychotria milnei (A. Gray) K. Schum,Psychotria milnei,Psychotria milnei,762683-1,762683-1,Species
348,Psychotria nuda (Cham. & Schltld.) Wawra,Psychotria nuda,Psychotria nuda,762814-1,762814-1,Species
349,Psychotria pilifera Hutch.,Psychotria pilifera,Psychotria pilifera,763024-1,763024-1,Species
350,Psychotria stachyoides Benth.,Psychotria stachyoides,Psychotria stachyoides,213454-2,213454-2,Species
351,Psychotria suterella Müll. Arg.,Psychotria suterella,Psychotria suterella,213495-2,213495-2,Species
352,Psychotria viridis Ruiz & Pav.,Psychotria viridis,Psychotria viridis,763751-1,763751-1,Species
353,Psychotria leiocarpa Cham. & Schltdl.,Psychotria leiocarpa,Psychotria leiocarpa,212975-2,212975-2,Species
354,Psychotria alba Ruiz & Pav.,Psychotria alba,Psychotria alba,212398-2,212398-2,Species
355,Psychotria laciniata Vell.,Psychotria laciniata,Psychotria laciniata,762388-1,762388-1,Species
356,Psychotria sarmentosoides Valeton,Psychotria sarmentosoides,Psychotria sarmentosoides,763316-1,763316-1,Species
357,Psychotria chagrensis Standl.,Psychotria chagrensis,Psychotria chagrensis,212606-2,212606-2,Species
358,Psychotria marginata Sw.,Psychotria marginata,Psychotria marginata,213065-2,213065-2,Species
359,Psychotria orosiana Standl.,Psychotria orosiana,Psychotria orosiana,213181-2,213181-2,Species
360,Psydrax arnoldianus (De Wild. & T. Durand) Bridson,Psydrax arnoldianus,Psydrax arnoldianus,915401-1,915401-1,Species
361,Psydrax dicoccos Gaertn.,Psydrax dicoccos,Psydrax dicoccos,763837-1,763837-1,Species
362,Psydrax acutiflorus (Hiern) Bridson,Psydrax acutiflorus,Psydrax acutiflorus,915400-1,915400-1,Species
363,Psydrax palma (K. Schum.) Bridson,Psydrax palma,Psydrax palma,915417-1,915417-1,Species
364,Psydrax subcordatus (DC.) Bridson,Psydrax subcordatus,Psydrax subcordatus,915422-1,915422-1,Species
365,Pyrostria major (A. Rich. ex DC.) Kainul. & Razafim.,Pyrostria major,Pyrostria major,763914-1,763914-1,Species
366,Pyrostria phyllanthoidea (Baill.) Bridson,Pyrostria phyllanthoidea,Pyrostria phyllanthoidea,944182-1,944182-1,Species
367,Randia mira Dwyer,Randia mira,Randia mira,217041-2,217041-2,Species
368,Randia armata (Sw.) DC.,Randia armata,Randia armata,1115268-2,1115268-2,Species
369,Randia aculeata L.,Randia aculeata,Randia aculeata,763958-1,763958-1,Species
370,Randia aculeata var. aculeata,Randia aculeata var. aculeata,Randia aculeata,763958-1,77170970-1,Variety
371,Randia altiscandens (Ducke) C. M. Taylor,Randia altiscandens,Randia altiscandens,975261-1,975261-1,Species
372,Randia lasiantha (Standl.) Standl.,Randia lasiantha,Randia lasiantha,217030-2,217030-2,Species
373,Raritebe palicoureoides subsp. dwyerianum J. H. Kirkbr.,Raritebe palicoureoides subsp. dwyerianum,Raritebe palicoureoides,217852-2,217854-2,Subspecies
374,Remijia spp.,Remijia,,,35243-1,Genus
375,Remijia ferruginea (A. St.-Hil.) DC.,Remijia ferruginea,Remijia ferruginea,764561-1,764561-1,Species
376,Rennellia elliptica Korth.,Rennellia elliptica,Rennellia elliptica,764603-1,764603-1,Species
377,Rhodopentas bussei (K. Krause) Kårehed & B. Bremer,Rhodopentas bussei,Rhodopentas bussei,77086243-1,77086243-1,Species
378,Rogiera amoena Planch.,Rogiera amoena,Rogiera amoena,764710-1,764710-1,Species
379,Ronabea latifolia Aubl.,Ronabea latifolia,Ronabea latifolia,764729-1,764729-1,Species
380,Rondeletia hameliifolia Dwyer & M. V. Hayden,Rondeletia hameliifolia,Rondeletia hameliifolia,221935-2,221935-2,Species
381,Rondeletia panamensis DC.,Rondeletia panamensis,Rondeletia panamensis,764975-1,764975-1,Species
382,Rosenbergiodendron formosum (Jacq.) Fagerl.,Rosenbergiodendron formosum,Rosenbergiodendron formosum,222508-2,222508-2,Species
383,Rothmannia longiflora Salisb.,Rothmannia longiflora,Rothmannia longiflora,765136-1,765136-1,Species
384,Rothmannia engleriana (K. Schum.) Keay,Rothmannia engleriana,Rothmannia engleriana,765120-1,765120-1,Species
385,Rothmannia hispida (K. Schum.) Fagerl.,Rothmannia hispida,Rothmannia hispida,765127-1,765127-1,Species
386,Rubia cordifolia L.,Rubia cordifolia,Rubia cordifolia,765218-1,765218-1,Species
387,Rudgea cornifolia (Kunth) Standl.,Rudgea cornifolia,Rudgea cornifolia,223858-2,223858-2,Species
388,Rudgea coronata subsp. coronata,Rudgea coronata subsp. coronata,Rudgea coronata,765440-1,77168913-1,Subspecies
389,Rudgea jasminoides (Cham.) Müll. Arg.,Rudgea jasminoides,Rudgea jasminoides,765493-1,765493-1,Species
390,Rudgea recurva Müll. Arg.,Rudgea recurva,Rudgea recurva,223984-2,223984-2,Species
391,Rudgea panamensis (Dwyer) C. M. Taylor,Rudgea panamensis,Rudgea panamensis,991396-1,991396-1,Species
392,Rustia occidentalis (Benth.) Hemsl.,Rustia occidentalis,Rustia occidentalis,1089673-2,1089673-2,Species
393,Rustia costaricensis (Standl.) Lorence,Rustia costaricensis,Rustia costaricensis,975269-1,975269-1,Species
394,Rytigynia nigerica (S. Moore) Robyns,Rytigynia nigerica,Rytigynia nigerica,765759-1,765759-1,Species
395,Sabicea villosa Willd. ex Schult.,Sabicea villosa,Sabicea villosa,765972-1,765972-1,Species
396,Sabicea panamensis Wernham,Sabicea panamensis,Sabicea panamensis,224977-2,224977-2,Species
397,Sabicea amazonensis Wernham,Sabicea amazonensis,Sabicea amazonensis,224936-2,224936-2,Species
398,Saprosma hainanensis Merr.,Saprosma hainanensis,Saprosma hainanensis,766031-1,766031-1,Species
399,Saprosma ternata (Wall.) Hook. f.,Saprosma ternata,Saprosma ternata,766055-1,766055-1,Species
400,Schizocalyx cuspidatus (A. St.-Hil.) Kainul. & B. Bremer,Schizocalyx cuspidatus,Schizocalyx cuspidatus,77111993-1,77111993-1,Species
401,Schizocalyx veraguensis (Dwyer) Kainul. & B. Bremer,Schizocalyx veraguensis,Schizocalyx veraguensis,77111998-1,77111998-1,Species
402,Schradera rotundata Standl. ex Steyerm.,Schradera rotundata,Schradera rotundata,229969-2,229969-2,Species
403,Schumanniophyton problematicum (A. Chev.) Aubrév.,Schumanniophyton problematicum,Schumanniophyton problematicum,766235-1,766235-1,Species
404,"Simira alba (Mart.) Delprete, Margalho & Groppo",Simira alba,Simira alba,77209436-1,77209436-1,Species
405,Simira williamsii (Standl.) Steyerm.,Simira williamsii,Simira williamsii,236598-2,236598-2,Species
406,Simira maxonii (Standl.) Steyerm.,Simira maxonii,Simira maxonii,236581-2,236581-2,Species
407,Simira panamensis (Dwyer) C. M. Taylor,Simira panamensis,Simira panamensis,77116177-1,77116177-1,Species
408,Sinoadina racemosa (Siebold & Zucc.) Ridsdale,Adina racemosa,Adina racemosa,742931-1,742931-1,Species
409,Solenandra mexicana (A. Gray) Borhidi,Solenandra mexicana,Solenandra mexicana,20010093-1,20010093-1,Species
410,Solenandra sanctae-luciae (Kentish) Paudyal & Delprete,Solenandra sanctae-luciae,Solenandra sanctae-luciae,77187956-1,77187956-1,Species
411,Sommera donnell-smithii Standl.,Sommera donnell-smithii,Sommera donnell-smithii,240642-2,240642-2,Species
412,Spermacoce verticillata L.,Spermacoce verticillata,Spermacoce verticillata,767031-1,767031-1,Species
413,Spermacoce capitata Ruiz & Pav,Spermacoce capitata,Spermacoce capitata,317930-2,317930-2,Species
414,Spermacoce exilis (L.O. Wiliams) C. D. Adamns ex W. C. Burger & C.M. Taylor,Spermacoce exilis,Spermacoce exilis,975271-1,975271-1,Species
415,Spermacoce hispida L.,Spermacoce hispida,Spermacoce hispida,766765-1,766765-1,Species
416,Spermacoce ocymoides Burm. F.,Spermacoce ocymoides,Spermacoce ocymoides,766863-1,766863-1,Species
417,Spermacoce remota Lam.,Spermacoce remota,Spermacoce remota,319724-2,319724-2,Species
418,Spermacoce latifolia Aubl.,Spermacoce latifolia,Spermacoce latifolia,766800-1,766800-1,Species
419,Spermacoce tenuior L.,Spermacoce tenuior,Spermacoce tenuior,241474-2,241474-2,Species
420,Spermacoce princeae (K. Schum.) Verdc.,Spermacoce princeae,Spermacoce princeae,766896-1,766896-1,Species
421,Spermacoce alata (Aubl.) DC.,Spermacoce alata,Spermacoce alata,766585-1,766585-1,Species
422,Stenostomum resinosum (Vahl) Griseb.,Stenostomum resinosum,Stenostomum resinosum,767136-1,767136-1,Species
423,Stenostomum lucidum (Sw.) C. F. Gaertn.,Stenostomum lucidum,Stenostomum lucidum,767124-1,767124-1,Species
424,Stenostomum portoricense Britton & P. Wilson,Stenostomum portoricense,Stenostomum portoricense,245035-2,245035-2,Species
425,Tamilnadia uliginosa (Retz.) Tirveng. & Sastre,Tamilnadia uliginosa,Tamilnadia uliginosa,767328-1,767328-1,Species
426,Tarenna asiatica (L.) Kuntze ex K. Schum.,Tarenna asiatica,Tarenna asiatica,60434903-2,60434903-2,Species
427,Tarenna vanprukii Craib,Tarenna vanprukii,Tarenna vanprukii,767625-1,767625-1,Species
428,Tarenna pavettoides (Harv.) Sim,Tarenna pavettoides,Tarenna pavettoides,767565-1,767565-1,Species
429,Timonius kaniensis Valeton,Timonius kaniensis,Timonius kaniensis,767775-1,767775-1,Species
430,Timonius gammillii Elmer,Timonius gammillii,Timonius gammillii,767756-1,767756-1,Species
431,Tinadendron noumeanum (Baill.) Achille,Tinadendron noumeanum,Tinadendron noumeanum,77075409-1,77075409-1,Species
432,Tocoyena pittieri (Standl.) Standl.,Tocoyena pittieri,Tocoyena pittieri,254985-2,254985-2,Species
433,Uncaria attenuata Korth.,Uncaria attenuata,Uncaria attenuata,768211-1,768211-1,Species
434,Uncaria borneensis Havil.,Uncaria borneensis,Uncaria borneensis,768216-1,768216-1,Species
435,Uncaria callophylla Blume ex Korth,Uncaria callophylla,Uncaria callophylla,768220-1,768220-1,Species
436,Uncaria cordata (Lour.) Merr.,Uncaria cordata,Uncaria cordata,768226-1,768226-1,Species
437,Uncaria guianensis (Aubl.) J. F. Gmel.,Uncaria guianensis,Uncaria guianensis,768250-1,768250-1,Species
438,Uncaria hirsuta Havil.,Uncaria hirsuta,Uncaria hirsuta,768253-1,768253-1,Species
439,Uncaria lanosa var. glabrata (Blume) Ridsdale,Uncaria lanosa var. glabrata,Uncaria lanosa,768270-1,890709-1,Variety
440,Uncaria longiflora var. longiflora,Uncaria longiflora,Uncaria longiflora,768273-1,768273-1,Species
441,Uncaria macrophylla Wall.,Uncaria macrophylla,Uncaria macrophylla,768275-1,768275-1,Species
442,Uncaria sinensis (Oliv.) Havil.,Uncaria sinensis,Uncaria sinensis,768314-1,768314-1,Species
443,Uncaria tomentosa (Willd. ex Schult.) DC.,Uncaria tomentosa,Uncaria tomentosa,768322-1,768322-1,Species
444,Uncaria elliptica R. Br. ex G. Don,Uncaria elliptica,Uncaria elliptica,768231-1,768231-1,Species
445,Uncaria rhynchophylla (Miq.) Miq.,Uncaria rhynchophylla,Uncaria rhynchophylla,768297-1,768297-1,Species
446,Urophyllum arboreum (Reinw. ex Blume) Korth,Urophyllum arboreum,Urophyllum arboreum,769430-1,769430-1,Species
447,Vangueria infausta subsp. infausta,Vangueria infausta subsp. infausta,Vangueria infausta,769741-1,77169958-1,Subspecies
448,Vangueria agrestis (Schweinf. ex Hiern) Lantz,Vangueria agrestis,Vangueria agrestis,77067582-1,77067582-1,Species
449,Vangueria madagascariensis J. F. Gmel.,Vangueria madagascariensis,Vangueria madagascariensis,769766-1,769766-1,Species
450,Warszewiczia coccinea (Vahl) Klotzsch,Warszewiczia coccinea,Warszewiczia coccinea,770293-1,770293-1,Species
451,Wendlandia heynei (Schult.) Santapau & Merchant,Wendlandia heynei,Wendlandia heynei,770458-1,770458-1,Species
452,Wendlandia ligustroides (Boiss. & Hohen.) Blakelock,Wendlandia ligustroides,Wendlandia ligustroides,770469-1,770469-1,Species
453,Wittmackanthus stanleyanus (M. R. Schomb.) Kuntze,Wittmackanthus stanleyanus,Wittmackanthus stanleyanus,269045-2,269045-2,Species
