,Unnamed: 0.1,Unnamed: 0,Name,Family,acc_name,acc_parent,acc_species,acc_species_id,acc_id,acc_rank,acc_fam,tax_stat,acc_wcvp_id,acc_wcvp_species_id,wcvp_id,accepted_ipni_id,accepted_name,accepted_name_w_author,accepted_family,accepted_rank,accepted_species,accepted_species_w_author,accepted_species_ipni_id,accepted_parent,plant_name_id,taxon_status,matched_by,matched_name
0,37,37,Aspidosperma polyneuron Müll Arg.,Apocynaceae,Aspidosperma polyneuron,Aspidosperma,Aspidosperma polyneuron,77433-1,77433-1,Species,Apocynaceae,Accepted,17339,17339,17339,77433-1,Aspidosperma polyneuron,Aspidosperma polyneuron Müll.Arg.,Apocynaceae,Species,Aspidosperma polyneuron,Aspidosperma polyneuron Müll.Arg.,77433-1,Aspidosperma,17339,Accepted,autoresolution,Aspidosperma polyneuron
1,39,39,Aspidosperma subincanum Mart,Apocynaceae,Aspidosperma subincanum,Aspidosperma,Aspidosperma subincanum,77465-1,77465-1,Species,Apocynaceae,Accepted,17374,17374,17374,77465-1,Aspidosperma subincanum,Aspidosperma subincanum Mart.,Apocynaceae,Species,Aspidosperma subincanum,Aspidosperma subincanum Mart.,77465-1,Aspidosperma,17374,Accepted,direct_wcvp_w_author_unique,Aspidosperma subincanum Mart.
2,53,53,Aspidosperma cuspa (Kunth) S. F. Blake ex Pittier,Apocynaceae,Aspidosperma cuspa,Aspidosperma,Aspidosperma cuspa,77347-1,77347-1,Species,Apocynaceae,Accepted,17249,17249,17249,77347-1,Aspidosperma cuspa,Aspidosperma cuspa (Kunth) S.F.Blake ex Pittier,Apocynaceae,Species,Aspidosperma cuspa,Aspidosperma cuspa (Kunth) S.F.Blake ex Pittier,77347-1,Aspidosperma,17249,Accepted,autoresolution,Aspidosperma cuspa
3,55,55,Aspidosperma excelsum Benth. ex Müll. Arg.,Apocynaceae,Aspidosperma excelsum,Aspidosperma,Aspidosperma excelsum,77367-1,77367-1,Species,Apocynaceae,Accepted,17269,17269,17269,77367-1,Aspidosperma excelsum,Aspidosperma excelsum Benth.,Apocynaceae,Species,Aspidosperma excelsum,Aspidosperma excelsum Benth.,77367-1,Aspidosperma,17269,Accepted,autoresolution,Aspidosperma excelsum
4,57,57,Aspidosperma quebracho-blanco Schltdl,Apocynaceae,Aspidosperma quebracho-blanco,Aspidosperma,Aspidosperma quebracho-blanco,77440-1,77440-1,Species,Apocynaceae,Accepted,17346,17346,17346,77440-1,Aspidosperma quebracho-blanco,Aspidosperma quebracho-blanco Schltdl.,Apocynaceae,Species,Aspidosperma quebracho-blanco,Aspidosperma quebracho-blanco Schltdl.,77440-1,Aspidosperma,17346,Accepted,direct_wcvp_w_author_unique,Aspidosperma quebracho-blanco Schltdl.
5,59,59,Aspidosperma tomentosum Mart,Apocynaceae,Aspidosperma tomentosum,Aspidosperma,Aspidosperma tomentosum,77467-1,77467-1,Species,Apocynaceae,Accepted,17378,17378,17378,77467-1,Aspidosperma tomentosum,Aspidosperma tomentosum Mart.,Apocynaceae,Species,Aspidosperma tomentosum,Aspidosperma tomentosum Mart.,77467-1,Aspidosperma,17378,Accepted,direct_wcvp_w_author_unique,Aspidosperma tomentosum Mart.
6,66,66,Bahiella infundibuliflora J. F. Morales,Apocynaceae,Bahiella infundibuliflora,Bahiella,Bahiella infundibuliflora,60444372-2,60444372-2,Species,Apocynaceae,Accepted,346078,346078,346078,60444372-2,Bahiella infundibuliflora,Bahiella infundibuliflora J.F.Morales,Apocynaceae,Species,Bahiella infundibuliflora,Bahiella infundibuliflora J.F.Morales,60444372-2,Bahiella,346078,Accepted,autoresolution,Bahiella infundibuliflora
7,202,202,"Macropharynx isthmica (Woodson) J. F. Morales, M. E. Endress & Liede",Apocynaceae,Macropharynx isthmica,Macropharynx,Macropharynx isthmica,77165026-1,77165026-1,Species,Apocynaceae,Accepted,526061,526061,526061,77165026-1,Macropharynx isthmica,"Macropharynx isthmica (Woodson) J.F.Morales, M.E.Endress & Liede",Apocynaceae,Species,Macropharynx isthmica,"Macropharynx isthmica (Woodson) J.F.Morales, M.E.Endress & Liede",77165026-1,Macropharynx,526061,Accepted,autoresolution,Macropharynx isthmica
8,203,203,"Macropharynx peltata (Vell.) J. F. Morales, M. E. Endress & Liede",Apocynaceae,Macropharynx peltata,Macropharynx,Macropharynx peltata,77165028-1,77165028-1,Species,Apocynaceae,Accepted,526059,526059,526059,77165028-1,Macropharynx peltata,"Macropharynx peltata (Vell.) J.F.Morales, M.E.Endress & Liede",Apocynaceae,Species,Macropharynx peltata,"Macropharynx peltata (Vell.) J.F.Morales, M.E.Endress & Liede",77165028-1,Macropharynx,526059,Accepted,autoresolution,Macropharynx peltata
9,213,213,Marsdenia glabra Constantin,Apocynaceae,Marsdenia glabra,Marsdenia,Marsdenia glabra,99160-1,99160-1,Species,Apocynaceae,Accepted,508066,508066,508066,99160-1,Marsdenia glabra,Marsdenia glabra Costantin,Apocynaceae,Species,Marsdenia glabra,Marsdenia glabra Costantin,99160-1,Marsdenia,508066,Accepted,autoresolution,Marsdenia glabra
10,246,246,Ochrosia glomerata (Blume) F. Muell,Apocynaceae,Ochrosia glomerata,Ochrosia,Ochrosia glomerata,77177054-1,77177054-1,Species,Apocynaceae,Accepted,136712,136712,136712,77177054-1,Ochrosia glomerata,Ochrosia glomerata (Blume) F.Muell.,Apocynaceae,Species,Ochrosia glomerata,Ochrosia glomerata (Blume) F.Muell.,77177054-1,Ochrosia,136712,Accepted,autoresolution,Ochrosia glomerata
11,255,255,Parsonsia straminea (R. Br.) F. Muell,Apocynaceae,Parsonsia straminea,Parsonsia,Parsonsia straminea,50061-3,50061-3,Species,Apocynaceae,Accepted,147988,147988,147988,50061-3,Parsonsia straminea,Parsonsia straminea (R.Br.) F.Muell.,Apocynaceae,Species,Parsonsia straminea,Parsonsia straminea (R.Br.) F.Muell.,50061-3,Parsonsia,147988,Accepted,autoresolution,Parsonsia straminea
12,258,258,Pentalinon andrieuxii (Müll. Arg.) B. F. Hansen & Wunderlin,Apocynaceae,Pentalinon andrieuxii,Pentalinon,Pentalinon andrieuxii,942488-1,942488-1,Species,Apocynaceae,Accepted,149823,149823,149823,942488-1,Pentalinon andrieuxii,Pentalinon andrieuxii (Müll.Arg.) B.F.Hansen & Wunderlin,Apocynaceae,Species,Pentalinon andrieuxii,Pentalinon andrieuxii (Müll.Arg.) B.F.Hansen & Wunderlin,942488-1,Pentalinon,149823,Accepted,autoresolution,Pentalinon andrieuxii
13,283,283,Prestonia amabilis J. F. Morales,Apocynaceae,Prestonia amabilis,Prestonia,Prestonia amabilis,60436267-2,60436267-2,Species,Apocynaceae,Accepted,259650,259650,259650,60436267-2,Prestonia amabilis,Prestonia amabilis J.F.Morales,Apocynaceae,Species,Prestonia amabilis,Prestonia amabilis J.F.Morales,60436267-2,Prestonia,259650,Accepted,autoresolution,Prestonia amabilis
14,286,286,Prestonia erecta J. F. Morales,Rhodocalyx rotundifolius,Rhodocalyx,Rhodocalyx rotundifolius,317571-2,317571-2,Species,Apocynaceae,Synonym,165336,165336,165336,,,,,,,,,,,,,,
15,289,289,Rauvolfia pentaphylla Huber ex Ducke,Apocynaceae,Rauvolfia pentaphylla,Rauvolfia,Rauvolfia pentaphylla,217935-2,217935-2,Species,Apocynaceae,Accepted,176933,176933,176933,217935-2,Rauvolfia pentaphylla,Rauvolfia pentaphylla Ducke,Apocynaceae,Species,Rauvolfia pentaphylla,Rauvolfia pentaphylla Ducke,217935-2,Rauvolfia,176933,Accepted,autoresolution,Rauvolfia pentaphylla
16,306,306,Strempeliopsis strempelioides Benth.,Apocynaceae,Strempeliopsis strempelioides,Strempeliopsis,Strempeliopsis strempelioides,81849-1,81849-1,Species,Apocynaceae,Accepted,198155,198155,198155,81849-1,Strempeliopsis strempelioides,Strempeliopsis strempelioides (Griseb.) Benth. ex B.D.Jacks.,Apocynaceae,Species,Strempeliopsis strempelioides,Strempeliopsis strempelioides (Griseb.) Benth. ex B.D.Jacks.,81849-1,Strempeliopsis,198155,Accepted,openrefine_unique,Apocynaceae Strempeliopsis strempelioides Benth.
17,316,316,Tabernaemontana coriacea Link ex Reom. & Schult.,Apocynaceae,Tabernaemontana coriacea,Tabernaemontana,Tabernaemontana coriacea,248849-2,248849-2,Species,Apocynaceae,Accepted,200645,200645,200645,248849-2,Tabernaemontana coriacea,Tabernaemontana coriacea Link ex Roem. & Schult.,Apocynaceae,Species,Tabernaemontana coriacea,Tabernaemontana coriacea Link ex Roem. & Schult.,248849-2,Tabernaemontana,200645,Accepted,autoresolution,Tabernaemontana coriacea
18,346,346,Temnadenia odorifera (vell.) J. F. Morales,Apocynaceae,Temnadenia odorifera,Temnadenia,Temnadenia odorifera,1007869-1,1007869-1,Species,Apocynaceae,Accepted,202264,202264,202264,1007869-1,Temnadenia odorifera,Temnadenia odorifera (Vell.) J.F.Morales,Apocynaceae,Species,Temnadenia odorifera,Temnadenia odorifera (Vell.) J.F.Morales,1007869-1,Temnadenia,202264,Accepted,autoresolution,Temnadenia odorifera
