,Unnamed: 0,Name,acc_name,m_name,accepted_ipni_id,accepted_name,accepted_name_w_author,accepted_family,accepted_rank,accepted_species,accepted_species_w_author,accepted_species_ipni_id,accepted_parent,plant_name_id,taxon_status,matched_by,matched_name
0,0,Acokanthera schimperi,Acokanthera schimperi,Acokanthera schimperi,60447729-2,Acokanthera schimperi,Acokanthera schimperi (A.DC.) Schweinf.,Apocynaceae,Species,Acokanthera schimperi,Acokanthera schimperi (A.DC.) Schweinf.,60447729-2,Acokanthera,2171,Accepted,direct_wcvp_unique,Acokanthera schimperi
1,1,Adenium multiflorum,Adenium multiflorum,Adenium multiflorum,76366-1,Adenium multiflorum,Adenium multiflorum Klotzsch,Apocynaceae,Species,Adenium multiflorum,Adenium multiflorum Klotzsch,76366-1,Adenium,3027,Accepted,direct_wcvp_unique,Adenium multiflorum
2,2,Adenium obesum (Forssk.) Roem. & Schult.,Adenium obesum,Adenium obesum (Forssk.) Roem. & Schult.,76369-1,Adenium obesum,Adenium obesum (Forssk.) Roem. & Schult.,Apocynaceae,Species,Adenium obesum,Adenium obesum (Forssk.) Roem. & Schult.,76369-1,Adenium,3030,Accepted,direct_wcvp_w_author_unique,Adenium obesum (Forssk.) Roem. & Schult.
3,3,Aganosma heynei,Aganosma heynei,Aganosma heynei,77125846-1,Aganosma heynei,Aganosma heynei (Spreng.) I.M.Turner,Apocynaceae,Species,Aganosma heynei,Aganosma heynei (Spreng.) I.M.Turner,77125846-1,Aganosma,316895,Accepted,direct_wcvp_unique,Aganosma heynei
4,4,Alafia multiflora (Stapf) Stapf,Alafia multiflora,Alafia multiflora (Stapf) Stapf,76446-1,Alafia multiflora,Alafia multiflora (Stapf) Stapf,Apocynaceae,Species,Alafia multiflora,Alafia multiflora (Stapf) Stapf,76446-1,Alafia,5496,Accepted,direct_wcvp_w_author_unique,Alafia multiflora (Stapf) Stapf
5,5,Alafia caudata Stapf,Alafia caudata,Alafia caudata Stapf,76422-1,Alafia caudata,Alafia caudata Stapf,Apocynaceae,Species,Alafia caudata,Alafia caudata Stapf,76422-1,Alafia,5470,Accepted,direct_wcvp_w_author_unique,Alafia caudata Stapf
6,6,Alafia barteri Oliv.,Alafia barteri,Alafia barteri Oliv.,76417-1,Alafia barteri,Alafia barteri Oliv.,Apocynaceae,Species,Alafia barteri,Alafia barteri Oliv.,76417-1,Alafia,5464,Accepted,direct_wcvp_w_author_unique,Alafia barteri Oliv.
7,7,,,,,,,,,,,,,,,,
8,8,XXXX,,,,,,,,,,,,,,,
9,9,anunmatchablename,,,,,,,,,,,,,,,
10,10,Alstonia angustifolia Wall. ex A. DC.,Alstonia angustifolia,"Alstonia angustifolia A.P.de Candolle, Prodr. 8: 409 (1844) Wall. ex A.DC. 1844",105718-3,Alstonia angustifolia,Alstonia angustifolia Wall. ex A.DC.,Apocynaceae,Species,Alstonia angustifolia,Alstonia angustifolia Wall. ex A.DC.,105718-3,Alstonia,6997,Accepted,knms_single,"Alstonia angustifolia A.P.de Candolle, Prodr. 8: 409 (1844) Wall. ex A.DC. 1844"
11,11,Alstonia yunnanensis Diels,Alstonia yunnanensis,Alstonia yunnanensis Diels,76608-1,Alstonia yunnanensis,Alstonia yunnanensis Diels,Apocynaceae,Species,Alstonia yunnanensis,Alstonia yunnanensis Diels,76608-1,Alstonia,7134,Accepted,direct_wcvp_w_author_unique,Alstonia yunnanensis Diels
12,12,Alstonia boonei De Wild.,Alstonia boonei,Alstonia boonei De Wild.,76511-1,Alstonia boonei,Alstonia boonei De Wild.,Apocynaceae,Species,Alstonia boonei,Alstonia boonei De Wild.,76511-1,Alstonia,7007,Accepted,direct_wcvp_w_author_unique,Alstonia boonei De Wild.
13,13,Alstonia congensis Engl.,Alstonia congensis,Alstonia congensis Engl.,76517-1,Alstonia congensis,Alstonia congensis Engl.,Apocynaceae,Species,Alstonia congensis,Alstonia congensis Engl.,76517-1,Alstonia,7014,Accepted,direct_wcvp_w_author_unique,Alstonia congensis Engl.
14,14,Alstonia rostrata C. E. C. Fisch.,Alstonia rostrata,Alstonia rostrata C.E.C.Fisch.,76584-1,Alstonia rostrata,Alstonia rostrata C.E.C.Fisch.,Apocynaceae,Species,Alstonia rostrata,Alstonia rostrata C.E.C.Fisch.,76584-1,Alstonia,7099,Accepted,direct_wcvp_w_author_unique,Alstonia rostrata C.E.C.Fisch.
15,15,Alstonia macrophylla Wall. ex G. Don,Alstonia macrophylla,Alstonia macrophylla Gen. Hist. 4: 78 (1837) Wall. ex G.Don 1837,76556-1,Alstonia macrophylla,Alstonia macrophylla Wall. ex G.Don,Apocynaceae,Species,Alstonia macrophylla,Alstonia macrophylla Wall. ex G.Don,76556-1,Alstonia,7064,Accepted,knms_single,Alstonia macrophylla Gen. Hist. 4: 78 (1837) Wall. ex G.Don 1837
16,16,Alstonia mairei H. Lév.,Alstonia mairei,Alstonia mairei H.Lév.,76557-1,Alstonia mairei,Alstonia mairei H.Lév.,Apocynaceae,Species,Alstonia mairei,Alstonia mairei H.Lév.,76557-1,Alstonia,7066,Accepted,direct_wcvp_w_author_unique,Alstonia mairei H.Lév.
17,17,Alstonia rupestris Kerr,Alstonia rupestris,Alstonia rupestris Kerr,76585-1,Alstonia rupestris,Alstonia rupestris Kerr,Apocynaceae,Species,Alstonia rupestris,Alstonia rupestris Kerr,76585-1,Alstonia,7101,Accepted,direct_wcvp_w_author_unique,Alstonia rupestris Kerr
18,18,Alstonia longifolia (A. DC.) Pichon,Alstonia longifolia,Alstonia longifolia (A.DC.) Pichon,10153-2,Alstonia longifolia,Alstonia longifolia (A.DC.) Pichon,Apocynaceae,Species,Alstonia longifolia,Alstonia longifolia (A.DC.) Pichon,10153-2,Alstonia,7060,Accepted,direct_wcvp_w_author_unique,Alstonia longifolia (A.DC.) Pichon
19,19,Alstonia scholaris (L.) R. Br.,Alstonia scholaris,Alstonia scholaris (L.) R.Br.,60445977-2,Alstonia scholaris,Alstonia scholaris (L.) R.Br.,Apocynaceae,Species,Alstonia scholaris,Alstonia scholaris (L.) R.Br.,60445977-2,Alstonia,7103,Accepted,direct_wcvp_w_author_unique,Alstonia scholaris (L.) R.Br.
20,20,Alstonia angustiloba Miq.,Alstonia angustiloba,Alstonia angustiloba Miq.,76507-1,Alstonia angustiloba,Alstonia angustiloba Miq.,Apocynaceae,Species,Alstonia angustiloba,Alstonia angustiloba Miq.,76507-1,Alstonia,7001,Accepted,direct_wcvp_w_author_unique,Alstonia angustiloba Miq.
21,21,Alstonia pneumatophora Backer ex Den berger,Alstonia pneumatophora,Alstonia pneumatophora Backer ex Den Berger,76578-1,Alstonia pneumatophora,Alstonia pneumatophora Backer ex Den Berger,Apocynaceae,Species,Alstonia pneumatophora,Alstonia pneumatophora Backer ex Den Berger,76578-1,Alstonia,7092,Accepted,direct_wcvp_w_author_unique,Alstonia pneumatophora Backer ex Den Berger
22,22,Alstonia spectabilis R. Br.,Alstonia spectabilis,Alstonia spectabilis R.Br.,76597-1,Alstonia spectabilis,Alstonia spectabilis R.Br.,Apocynaceae,Species,Alstonia spectabilis,Alstonia spectabilis R.Br.,76597-1,Alstonia,7115,Accepted,direct_wcvp_w_author_unique,Alstonia spectabilis R.Br.
23,23,Alyxia stellata (J. R. Forst. & G. Forst.) Roem. & Schult.,Alyxia stellata,Alyxia stellata (J.R.Forst. & G.Forst.) Roem. & Schult.,76804-1,Alyxia stellata,Alyxia stellata (J.R.Forst. & G.Forst.) Roem. & Schult.,Apocynaceae,Species,Alyxia stellata,Alyxia stellata (J.R.Forst. & G.Forst.) Roem. & Schult.,76804-1,Alyxia,7450,Accepted,direct_wcvp_w_author_unique,Alyxia stellata (J.R.Forst. & G.Forst.) Roem. & Schult.
24,24,Ambelania acida Aubl.,Ambelania acida,Ambelania acida Aubl.,76829-1,Ambelania acida,Ambelania acida Aubl.,Apocynaceae,Species,Ambelania acida,Ambelania acida Aubl.,76829-1,Ambelania,7749,Accepted,direct_wcvp_w_author_unique,Ambelania acida Aubl.
25,25,Amphineurion marginatum (Roxb.) D. J. Middleton,Amphineurion marginatum,Amphineurion marginatum (Roxb.) D.J.Middleton,77074602-1,Amphineurion marginatum,Amphineurion marginatum (Roxb.) D.J.Middleton,Apocynaceae,Species,Amphineurion marginatum,Amphineurion marginatum (Roxb.) D.J.Middleton,77074602-1,Amphineurion,343529,Accepted,direct_wcvp_w_author_unique,Amphineurion marginatum (Roxb.) D.J.Middleton
26,26,Amsonia tomentosa var. tomentosa,Amsonia tomentosa var. tomentosa,Amsonia tomentosa var. tomentosa,77167486-1,Amsonia tomentosa var. tomentosa,Amsonia tomentosa var. tomentosa,Apocynaceae,Variety,Amsonia tomentosa,Amsonia tomentosa Torr. & Frém.,76934-1,Amsonia tomentosa,8483,Accepted,direct_wcvp_unique,Amsonia tomentosa var. tomentosa
27,27,Amsonia elliptica (Thunb.) Roem. & Schult.,Amsonia elliptica,Amsonia elliptica (Thunb.) Roem. & Schult.,76906-1,Amsonia elliptica,Amsonia elliptica (Thunb.) Roem. & Schult.,Apocynaceae,Species,Amsonia elliptica,Amsonia elliptica (Thunb.) Roem. & Schult.,76906-1,Amsonia,8447,Accepted,direct_wcvp_w_author_unique,Amsonia elliptica (Thunb.) Roem. & Schult.
28,28,Amsonia tabernaemontana Walter,Amsonia tabernaemontana,Amsonia tabernaemontana Walter,76931-1,Amsonia tabernaemontana,Amsonia tabernaemontana Walter,Apocynaceae,Species,Amsonia tabernaemontana,Amsonia tabernaemontana Walter,76931-1,Amsonia,8474,Accepted,direct_wcvp_w_author_unique,Amsonia tabernaemontana Walter
29,29,Anisopus mannii N. E. Br.,Anisopus mannii,Anisopus mannii N.E.Br.,93986-1,Anisopus mannii,Anisopus mannii N.E.Br.,Apocynaceae,Species,Anisopus mannii,Anisopus mannii N.E.Br.,93986-1,Anisopus,500614,Accepted,direct_wcvp_w_author_unique,Anisopus mannii N.E.Br.
30,30,Anodendron affine (Hook. & Arn.) Druve,Anodendron affine,Anodendron affine Rep. Bot. Soc. Exch. Club Brit. Isles 1916: 605 (1917) (Hook. & Arn.) Druce 1917,77061-1,Anodendron affine,Anodendron affine (Hook. & Arn.) Druce,Apocynaceae,Species,Anodendron affine,Anodendron affine (Hook. & Arn.) Druce,77061-1,Anodendron,10106,Accepted,knms_single,Anodendron affine Rep. Bot. Soc. Exch. Club Brit. Isles 1916: 605 (1917) (Hook. & Arn.) Druce 1917
31,31,Apteranthes europaea (Guss.) Murb.,Apteranthes europaea,Apteranthes europaea (Guss.) Murb.,94041-1,Apteranthes europaea,Apteranthes europaea (Guss.) Murb.,Apocynaceae,Species,Apteranthes europaea,Apteranthes europaea (Guss.) Murb.,94041-1,Apteranthes,220654,Accepted,direct_wcvp_w_author_unique,Apteranthes europaea (Guss.) Murb.
32,32,Apteranthes tuberculata (N. E. Br.) Meve & Liede,Apteranthes tuberculata,Apteranthes tuberculata (N.E.Br.) Meve & Liede,20009957-1,Apteranthes tuberculata,Apteranthes tuberculata (N.E.Br.) Meve & Liede,Apocynaceae,Species,Apteranthes tuberculata,Apteranthes tuberculata (N.E.Br.) Meve & Liede,20009957-1,Apteranthes,500640,Accepted,direct_wcvp_w_author_unique,Apteranthes tuberculata (N.E.Br.) Meve & Liede
33,33,Asclepias curassavica L.,Asclepias curassavica,Asclepias curassavica L.,94213-1,Asclepias curassavica,Asclepias curassavica L.,Apocynaceae,Species,Asclepias curassavica,Asclepias curassavica L.,94213-1,Asclepias,500848,Accepted,direct_wcvp_w_author_unique,Asclepias curassavica L.
34,34,Aspidosperma auriculatum Markgr.,Aspidosperma auriculatum,Aspidosperma auriculatum Markgr.,21933-2,Aspidosperma auriculatum,Aspidosperma auriculatum Markgr.,Apocynaceae,Species,Aspidosperma auriculatum,Aspidosperma auriculatum Markgr.,21933-2,Aspidosperma,17231,Accepted,direct_wcvp_w_author_unique,Aspidosperma auriculatum Markgr.
35,35,Aspidosperma oblongum A. DC.,Aspidosperma oblongum,Aspidosperma oblongum A.DC.,77418-1,Aspidosperma oblongum,Aspidosperma oblongum A.DC.,Apocynaceae,Species,Aspidosperma oblongum,Aspidosperma oblongum A.DC.,77418-1,Aspidosperma,17324,Accepted,direct_wcvp_w_author_unique,Aspidosperma oblongum A.DC.
36,36,Aspidosperma carapanauba Pichon,Aspidosperma carapanauba,Aspidosperma carapanauba Pichon,290346-2,Aspidosperma carapanauba,Aspidosperma carapanauba Pichon,Apocynaceae,Species,Aspidosperma carapanauba,Aspidosperma carapanauba Pichon,290346-2,Aspidosperma,17238,Accepted,direct_wcvp_w_author_unique,Aspidosperma carapanauba Pichon
37,37,Aspidosperma polyneuron Müll Arg.,Aspidosperma polyneuron,Aspidosperma polyneuron,77433-1,Aspidosperma polyneuron,Aspidosperma polyneuron Müll.Arg.,Apocynaceae,Species,Aspidosperma polyneuron,Aspidosperma polyneuron Müll.Arg.,77433-1,Aspidosperma,17339,Accepted,autoresolution,Aspidosperma polyneuron
38,38,Aspidosperma pyrifolium Mart.,Aspidosperma pyrifolium,Aspidosperma pyrifolium Mart.,77437-1,Aspidosperma pyrifolium,Aspidosperma pyrifolium Mart.,Apocynaceae,Species,Aspidosperma pyrifolium,Aspidosperma pyrifolium Mart.,77437-1,Aspidosperma,17343,Accepted,direct_wcvp_w_author_unique,Aspidosperma pyrifolium Mart.
39,39,Aspidosperma subincanum Mart,Aspidosperma subincanum,Aspidosperma subincanum Mart.,77465-1,Aspidosperma subincanum,Aspidosperma subincanum Mart.,Apocynaceae,Species,Aspidosperma subincanum,Aspidosperma subincanum Mart.,77465-1,Aspidosperma,17374,Accepted,direct_wcvp_w_author_unique,Aspidosperma subincanum Mart.
40,40,Aspidosperma nigricans Handro,Aspidosperma nigricans,Aspidosperma nigricans Handro,22012-2,Aspidosperma nigricans,Aspidosperma nigricans Handro,Apocynaceae,Species,Aspidosperma nigricans,Aspidosperma nigricans Handro,22012-2,Aspidosperma,17321,Accepted,direct_wcvp_w_author_unique,Aspidosperma nigricans Handro
41,41,Aspidosperma olivaceum Müll. Arg.,Aspidosperma olivaceum,Aspidosperma olivaceum Müll.Arg.,22020-2,Aspidosperma olivaceum,Aspidosperma olivaceum Müll.Arg.,Apocynaceae,Species,Aspidosperma olivaceum,Aspidosperma olivaceum Müll.Arg.,22020-2,Aspidosperma,17330,Accepted,direct_wcvp_w_author_unique,Aspidosperma olivaceum Müll.Arg.
42,42,Aspidosperma parvifolium A. DC.,Aspidosperma parvifolium,Aspidosperma parvifolium A.DC.,315552-2,Aspidosperma parvifolium,Aspidosperma parvifolium A.DC.,Apocynaceae,Species,Aspidosperma parvifolium,Aspidosperma parvifolium A.DC.,315552-2,Aspidosperma,17334,Accepted,direct_wcvp_w_author_unique,Aspidosperma parvifolium A.DC.
43,43,Aspidosperma spruceanum Benth. Ex Müll. Arg.,Aspidosperma spruceanum,"Aspidosperma spruceanum C.F.P.von Martius & auct. suc. (eds.), Fl. Bras. 6(1): 52 (1860) Benth. ex Müll.Arg. 1860",22069-2,Aspidosperma spruceanum,Aspidosperma spruceanum Benth. ex Müll.Arg.,Apocynaceae,Species,Aspidosperma spruceanum,Aspidosperma spruceanum Benth. ex Müll.Arg.,22069-2,Aspidosperma,17370,Accepted,knms_single,"Aspidosperma spruceanum C.F.P.von Martius & auct. suc. (eds.), Fl. Bras. 6(1): 52 (1860) Benth. ex Müll.Arg. 1860"
44,44,Aspidosperma album (Vahl) Benoist ex Pichon,Aspidosperma album,Aspidosperma album (Vahl) Benoist ex Pichon,77325-1,Aspidosperma album,Aspidosperma album (Vahl) Benoist ex Pichon,Apocynaceae,Species,Aspidosperma album,Aspidosperma album (Vahl) Benoist ex Pichon,77325-1,Aspidosperma,17226,Accepted,direct_wcvp_w_author_unique,Aspidosperma album (Vahl) Benoist ex Pichon
45,45,Aspidosperma discolor A. DC.,Aspidosperma discolor,Aspidosperma discolor A.DC.,77354-1,Aspidosperma discolor,Aspidosperma discolor A.DC.,Apocynaceae,Species,Aspidosperma discolor,Aspidosperma discolor A.DC.,77354-1,Aspidosperma,17257,Accepted,direct_wcvp_w_author_unique,Aspidosperma discolor A.DC.
46,46,Aspidosperma illustre (Vell.) Kuhim. & Piraja,Aspidosperma illustre,Aspidosperma illustre Arch. Jard. Bot. Rio de Janeiro 4: 375 (1925) (Vell.) Kuhlm. & Piraja 1925,21984-2,Aspidosperma illustre,Aspidosperma illustre (Vell.) Kuhlm. & Piraja,Apocynaceae,Species,Aspidosperma illustre,Aspidosperma illustre (Vell.) Kuhlm. & Piraja,21984-2,Aspidosperma,17283,Accepted,knms_single,Aspidosperma illustre Arch. Jard. Bot. Rio de Janeiro 4: 375 (1925) (Vell.) Kuhlm. & Piraja 1925
47,47,Aspidosperma sandwithianum Markgr.,Aspidosperma sandwithianum,Aspidosperma sandwithianum Markgr.,22061-2,Aspidosperma sandwithianum,Aspidosperma sandwithianum Markgr.,Apocynaceae,Species,Aspidosperma sandwithianum,Aspidosperma sandwithianum Markgr.,22061-2,Aspidosperma,17362,Accepted,direct_wcvp_w_author_unique,Aspidosperma sandwithianum Markgr.
48,48,Aspidosperma ulei Markg.,Aspidosperma ulei,Aspidosperma ulei Notizbl. Bot. Gart. Berlin-Dahlem 9: 78 (1924) Markgr. 1924,22079-2,Aspidosperma ulei,Aspidosperma ulei Markgr.,Apocynaceae,Species,Aspidosperma ulei,Aspidosperma ulei Markgr.,22079-2,Aspidosperma,17381,Accepted,knms_single,Aspidosperma ulei Notizbl. Bot. Gart. Berlin-Dahlem 9: 78 (1924) Markgr. 1924
49,49,Aspidosperma megalocarpon Müll. Arg.,Aspidosperma megalocarpon,Aspidosperma megalocarpon Müll.Arg.,77405-1,Aspidosperma megalocarpon,Aspidosperma megalocarpon Müll.Arg.,Apocynaceae,Species,Aspidosperma megalocarpon,Aspidosperma megalocarpon Müll.Arg.,77405-1,Aspidosperma,17308,Accepted,direct_wcvp_w_author_unique,Aspidosperma megalocarpon Müll.Arg.
50,50,Aspidosperma desmanthum Benth. Ex Müll. Arg.,Aspidosperma desmanthum,"Aspidosperma desmanthum C.F.P.von Martius & auct. suc. (eds.), Fl. Bras. 6(1): 52 (1860) Benth. ex Müll.Arg. 1860",77353-1,Aspidosperma desmanthum,Aspidosperma desmanthum Benth. ex Müll.Arg.,Apocynaceae,Species,Aspidosperma desmanthum,Aspidosperma desmanthum Benth. ex Müll.Arg.,77353-1,Aspidosperma,17256,Accepted,knms_single,"Aspidosperma desmanthum C.F.P.von Martius & auct. suc. (eds.), Fl. Bras. 6(1): 52 (1860) Benth. ex Müll.Arg. 1860"
51,51,Aspidosperma rigidum Rusby,Aspidosperma rigidum,Aspidosperma rigidum Rusby,22058-2,Aspidosperma rigidum,Aspidosperma rigidum Rusby,Apocynaceae,Species,Aspidosperma rigidum,Aspidosperma rigidum Rusby,22058-2,Aspidosperma,17359,Accepted,direct_wcvp_w_author_unique,Aspidosperma rigidum Rusby
52,52,Aspidosperma macrocarpon Mart.,Aspidosperma macrocarpon,Aspidosperma macrocarpon Mart.,77400-1,Aspidosperma macrocarpon,Aspidosperma macrocarpon Mart.,Apocynaceae,Species,Aspidosperma macrocarpon,Aspidosperma macrocarpon Mart.,77400-1,Aspidosperma,17301,Accepted,direct_wcvp_w_author_unique,Aspidosperma macrocarpon Mart.
53,53,Aspidosperma cuspa (Kunth) S. F. Blake ex Pittier,Aspidosperma cuspa,Aspidosperma cuspa,77347-1,Aspidosperma cuspa,Aspidosperma cuspa (Kunth) S.F.Blake ex Pittier,Apocynaceae,Species,Aspidosperma cuspa,Aspidosperma cuspa (Kunth) S.F.Blake ex Pittier,77347-1,Aspidosperma,17249,Accepted,autoresolution,Aspidosperma cuspa
54,54,Aspidosperma cylindrocarpon Müll. Arg.,Aspidosperma cylindrocarpon,Aspidosperma cylindrocarpon Müll.Arg.,21952-2,Aspidosperma cylindrocarpon,Aspidosperma cylindrocarpon Müll.Arg.,Apocynaceae,Species,Aspidosperma cylindrocarpon,Aspidosperma cylindrocarpon Müll.Arg.,21952-2,Aspidosperma,17250,Accepted,direct_wcvp_w_author_unique,Aspidosperma cylindrocarpon Müll.Arg.
55,55,Aspidosperma excelsum Benth. ex Müll. Arg.,Aspidosperma excelsum,Aspidosperma excelsum,77367-1,Aspidosperma excelsum,Aspidosperma excelsum Benth.,Apocynaceae,Species,Aspidosperma excelsum,Aspidosperma excelsum Benth.,77367-1,Aspidosperma,17269,Accepted,autoresolution,Aspidosperma excelsum
56,56,Aspidosperma obscurinervium Azambuja,Aspidosperma obscurinervium,Aspidosperma obscurinervium Azambuja,22015-2,Aspidosperma obscurinervium,Aspidosperma obscurinervium Azambuja,Apocynaceae,Species,Aspidosperma obscurinervium,Aspidosperma obscurinervium Azambuja,22015-2,Aspidosperma,17325,Accepted,direct_wcvp_w_author_unique,Aspidosperma obscurinervium Azambuja
57,57,Aspidosperma quebracho-blanco Schltdl,Aspidosperma quebracho-blanco,Aspidosperma quebracho-blanco Schltdl.,77440-1,Aspidosperma quebracho-blanco,Aspidosperma quebracho-blanco Schltdl.,Apocynaceae,Species,Aspidosperma quebracho-blanco,Aspidosperma quebracho-blanco Schltdl.,77440-1,Aspidosperma,17346,Accepted,direct_wcvp_w_author_unique,Aspidosperma quebracho-blanco Schltdl.
58,58,Aspidosperma schultesii Woodson,Aspidosperma schultesii,Aspidosperma schultesii Woodson,22062-2,Aspidosperma schultesii,Aspidosperma schultesii Woodson,Apocynaceae,Species,Aspidosperma schultesii,Aspidosperma schultesii Woodson,22062-2,Aspidosperma,17364,Accepted,direct_wcvp_w_author_unique,Aspidosperma schultesii Woodson
59,59,Aspidosperma tomentosum Mart,Aspidosperma tomentosum,Aspidosperma tomentosum Mart.,77467-1,Aspidosperma tomentosum,Aspidosperma tomentosum Mart.,Apocynaceae,Species,Aspidosperma tomentosum,Aspidosperma tomentosum Mart.,77467-1,Aspidosperma,17378,Accepted,direct_wcvp_w_author_unique,Aspidosperma tomentosum Mart.
60,60,Aspidosperma ramiflorum Müll. Arg.,Aspidosperma ramiflorum,Aspidosperma ramiflorum Müll.Arg.,77443-1,Aspidosperma ramiflorum,Aspidosperma ramiflorum Müll.Arg.,Apocynaceae,Species,Aspidosperma ramiflorum,Aspidosperma ramiflorum Müll.Arg.,77443-1,Aspidosperma,17350,Accepted,direct_wcvp_w_author_unique,Aspidosperma ramiflorum Müll.Arg.
61,61,Aspidosperma pachypterum Müll. Arg.,Aspidosperma pachypterum,Aspidosperma pachypterum Müll.Arg.,77425-1,Aspidosperma pachypterum,Aspidosperma pachypterum Müll.Arg.,Apocynaceae,Species,Aspidosperma pachypterum,Aspidosperma pachypterum Müll.Arg.,77425-1,Aspidosperma,17331,Accepted,direct_wcvp_w_author_unique,Aspidosperma pachypterum Müll.Arg.
62,62,Aspidosperma megaphyllum Woodson,Aspidosperma megaphyllum,Aspidosperma megaphyllum Woodson,22004-2,Aspidosperma megaphyllum,Aspidosperma megaphyllum Woodson,Apocynaceae,Species,Aspidosperma megaphyllum,Aspidosperma megaphyllum Woodson,22004-2,Aspidosperma,17311,Accepted,direct_wcvp_w_author_unique,Aspidosperma megaphyllum Woodson
63,63,Aspidosperma multiflorum A. DC.,Aspidosperma multiflorum,Aspidosperma multiflorum A.DC.,77410-1,Aspidosperma multiflorum,Aspidosperma multiflorum A.DC.,Apocynaceae,Species,Aspidosperma multiflorum,Aspidosperma multiflorum A.DC.,77410-1,Aspidosperma,17316,Accepted,direct_wcvp_w_author_unique,Aspidosperma multiflorum A.DC.
64,64,Aspidosperma eburneum allemão ex Saldanha,Aspidosperma eburneum,Aspidosperma eburneum Allemão ex Saldanha,77361-1,Aspidosperma eburneum,Aspidosperma eburneum Allemão ex Saldanha,Apocynaceae,Species,Aspidosperma eburneum,Aspidosperma eburneum Allemão ex Saldanha,77361-1,Aspidosperma,17264,Accepted,direct_wcvp_w_author_unique,Aspidosperma eburneum Allemão ex Saldanha
65,65,Aspidosperma pichonianum Woodson,Aspidosperma pichonianum,Aspidosperma pichonianum Woodson,22024-2,Aspidosperma pichonianum,Aspidosperma pichonianum Woodson,Apocynaceae,Species,Aspidosperma pichonianum,Aspidosperma pichonianum Woodson,22024-2,Aspidosperma,17336,Accepted,direct_wcvp_w_author_unique,Aspidosperma pichonianum Woodson
66,66,Bahiella infundibuliflora J. F. Morales,Bahiella infundibuliflora,Bahiella infundibuliflora,60444372-2,Bahiella infundibuliflora,Bahiella infundibuliflora J.F.Morales,Apocynaceae,Species,Bahiella infundibuliflora,Bahiella infundibuliflora J.F.Morales,60444372-2,Bahiella,346078,Accepted,autoresolution,Bahiella infundibuliflora
67,67,Baissea axillaris (Benth.) Hua,Baissea axillaris,Baissea axillaris (Benth.) Hua,77483-1,Baissea axillaris,Baissea axillaris (Benth.) Hua,Apocynaceae,Species,Baissea axillaris,Baissea axillaris (Benth.) Hua,77483-1,Baissea,19330,Accepted,direct_wcvp_w_author_unique,Baissea axillaris (Benth.) Hua
68,68,Beaumontia grandiflora Wall.,Beaumontia grandiflora,Beaumontia grandiflora Wall.,77539-1,Beaumontia grandiflora,Beaumontia grandiflora Wall.,Apocynaceae,Species,Beaumontia grandiflora,Beaumontia grandiflora Wall.,77539-1,Beaumontia,20251,Accepted,direct_wcvp_w_author_unique,Beaumontia grandiflora Wall.
69,69,Boucerosia diffusa (wight),Boucerosia diffusa,Boucerosia diffusa Icon. Pl. Ind. Orient. 4: t. 1599 (1850) Wight 1850,94966-1,Boucerosia diffusa,Boucerosia diffusa Wight,Apocynaceae,Species,Boucerosia diffusa,Boucerosia diffusa Wight,94966-1,Boucerosia,501797,Accepted,knms_single,Boucerosia diffusa Icon. Pl. Ind. Orient. 4: t. 1599 (1850) Wight 1850
70,70,Bousigonia angustifolia Pierre ex Spire,Bousigonia angustifolia,Bousigonia angustifolia Pierre ex Spire,77610-1,Bousigonia angustifolia,Bousigonia angustifolia Pierre ex Spire,Apocynaceae,Species,Bousigonia angustifolia,Bousigonia angustifolia Pierre ex Spire,77610-1,Bousigonia,23565,Accepted,direct_wcvp_w_author_unique,Bousigonia angustifolia Pierre ex Spire
71,71,Bousigonia mekongensis Pierre,Bousigonia mekongensis,Bousigonia mekongensis Pierre,77611-1,Bousigonia mekongensis,Bousigonia mekongensis Pierre,Apocynaceae,Species,Bousigonia mekongensis,Bousigonia mekongensis Pierre,77611-1,Bousigonia,23566,Accepted,direct_wcvp_w_author_unique,Bousigonia mekongensis Pierre
72,72,Buckollia volubilis (Schltr.) Venter & R. L. Verh.,Buckollia volubilis,Buckollia volubilis (Schltr.) Venter & R.L.Verh.,978337-1,Buckollia volubilis,Buckollia volubilis (Schltr.) Venter & R.L.Verh.,Apocynaceae,Species,Buckollia volubilis,Buckollia volubilis (Schltr.) Venter & R.L.Verh.,978337-1,Buckollia,502053,Accepted,direct_wcvp_w_author_unique,Buckollia volubilis (Schltr.) Venter & R.L.Verh.
73,73,Callichilia barteri (Hook. f.) Stapf,Callichilia barteri,Callichilia barteri (Hook.f.) Stapf,77635-1,Callichilia barteri,Callichilia barteri (Hook.f.) Stapf,Apocynaceae,Species,Callichilia barteri,Callichilia barteri (Hook.f.) Stapf,77635-1,Callichilia,31038,Accepted,direct_wcvp_w_author_unique,Callichilia barteri (Hook.f.) Stapf
74,74,Callichilia subsessilis (Benth.) Stapf,Callichilia subsessilis,Callichilia subsessilis (Benth.) Stapf,77645-1,Callichilia subsessilis,Callichilia subsessilis (Benth.) Stapf,Apocynaceae,Species,Callichilia subsessilis,Callichilia subsessilis (Benth.) Stapf,77645-1,Callichilia,31048,Accepted,direct_wcvp_w_author_unique,Callichilia subsessilis (Benth.) Stapf
75,75,Calotropis procera (Aiton) W. T. Aiton,Calotropis procera,Calotropis procera (Aiton) W.T.Aiton,1004515-2,Calotropis procera,Calotropis procera (Aiton) W.T.Aiton,Apocynaceae,Species,Calotropis procera,Calotropis procera (Aiton) W.T.Aiton,1004515-2,Calotropis,502091,Accepted,direct_wcvp_w_author_unique,Calotropis procera (Aiton) W.T.Aiton
76,76,Calotropis gigantea (L.) W. T. Aiton,Calotropis gigantea,Calotropis gigantea (L.) W.T.Aiton,95173-1,Calotropis gigantea,Calotropis gigantea (L.) W.T.Aiton,Apocynaceae,Species,Calotropis gigantea,Calotropis gigantea (L.) W.T.Aiton,95173-1,Calotropis,502084,Accepted,direct_wcvp_w_author_unique,Calotropis gigantea (L.) W.T.Aiton
77,77,Caralluma fimbriata Wall.,Caralluma fimbriata,Caralluma fimbriata Wall.,95260-1,Caralluma fimbriata,Caralluma fimbriata Wall.,Apocynaceae,Species,Caralluma fimbriata,Caralluma fimbriata Wall.,95260-1,Caralluma,502243,Accepted,direct_wcvp_w_author_unique,Caralluma fimbriata Wall.
78,78,Caralluma adscendens var. adscendens,Caralluma adscendens var. adscendens,Caralluma adscendens var. adscendens,77172739-1,Caralluma adscendens var. adscendens,Caralluma adscendens var. adscendens,Apocynaceae,Variety,Caralluma adscendens,Caralluma adscendens (Roxb.) Haw.,95198-1,Caralluma adscendens,502135,Accepted,direct_wcvp_unique,Caralluma adscendens var. adscendens
79,79,Caralluma dalzielii N. E. Br.,Caralluma dalzielii,Caralluma dalzielii N.E.Br.,95238-1,Caralluma dalzielii,Caralluma dalzielii N.E.Br.,Apocynaceae,Species,Caralluma dalzielii,Caralluma dalzielii N.E.Br.,95238-1,Caralluma,502198,Accepted,direct_wcvp_w_author_unique,Caralluma dalzielii N.E.Br.
80,80,Carissa macrocarpa (Eckl.) A. DC.,Carissa macrocarpa,Carissa macrocarpa (Eckl.) A.DC.,77727-1,Carissa macrocarpa,Carissa macrocarpa (Eckl.) A.DC.,Apocynaceae,Species,Carissa macrocarpa,Carissa macrocarpa (Eckl.) A.DC.,77727-1,Carissa,34192,Accepted,direct_wcvp_w_author_unique,Carissa macrocarpa (Eckl.) A.DC.
81,81,Carissa spinarum L.,Carissa spinarum,Carissa spinarum L.,77756-1,Carissa spinarum,Carissa spinarum L.,Apocynaceae,Species,Carissa spinarum,Carissa spinarum L.,77756-1,Carissa,34226,Accepted,direct_wcvp_w_author_unique,Carissa spinarum L.
82,82,Carissa carandas L.,Carissa carandas,Carissa carandas L.,77691-1,Carissa carandas,Carissa carandas L.,Apocynaceae,Species,Carissa carandas,Carissa carandas L.,77691-1,Carissa,34145,Accepted,direct_wcvp_w_author_unique,Carissa carandas L.
83,83,Cascabela thevetia (L.) Lippold,Cascabela thevetia,Cascabela thevetia (L.) Lippold,47927-2,Cascabela thevetia,Cascabela thevetia (L.) Lippold,Apocynaceae,Species,Cascabela thevetia,Cascabela thevetia (L.) Lippold,47927-2,Cascabela,34836,Accepted,direct_wcvp_w_author_unique,Cascabela thevetia (L.) Lippold
84,84,Catharanthus pusillus (Murray) G. Don,Catharanthus pusillus,Catharanthus pusillus (Murray) G.Don,77879-1,Catharanthus pusillus,Catharanthus pusillus (Murray) G.Don,Apocynaceae,Species,Catharanthus pusillus,Catharanthus pusillus (Murray) G.Don,77879-1,Catharanthus,35718,Accepted,direct_wcvp_w_author_unique,Catharanthus pusillus (Murray) G.Don
85,85,Catharanthus roseus (L.) G. Don,Catharanthus roseus,Catharanthus roseus (L.) G.Don,77880-1,Catharanthus roseus,Catharanthus roseus (L.) G.Don,Apocynaceae,Species,Catharanthus roseus,Catharanthus roseus (L.) G.Don,77880-1,Catharanthus,35719,Accepted,direct_wcvp_w_author_unique,Catharanthus roseus (L.) G.Don
86,86,Caudanthera edulis (Edgew.) Meve & Liede,Caudanthera edulis,Caudanthera edulis (Edgew.) Meve & Liede,20009959-1,Caudanthera edulis,Caudanthera edulis (Edgew.) Meve & Liede,Apocynaceae,Species,Caudanthera edulis,Caudanthera edulis (Edgew.) Meve & Liede,20009959-1,Caudanthera,502451,Accepted,direct_wcvp_w_author_unique,Caudanthera edulis (Edgew.) Meve & Liede
87,87,Caudanthera sinaica (Decne.) Plowes,Caudanthera sinaica,Caudanthera sinaica (Decne.) Plowes,986775-1,Caudanthera sinaica,Caudanthera sinaica (Decne.) Plowes,Apocynaceae,Species,Caudanthera sinaica,Caudanthera sinaica (Decne.) Plowes,986775-1,Caudanthera,502453,Accepted,direct_wcvp_w_author_unique,Caudanthera sinaica (Decne.) Plowes
88,88,Cerbera manghas L.,Cerbera manghas,Cerbera manghas L.,77906-1,Cerbera manghas,Cerbera manghas L.,Apocynaceae,Species,Cerbera manghas,Cerbera manghas L.,77906-1,Cerbera,37166,Accepted,direct_wcvp_w_author_unique,Cerbera manghas L.
89,89,Cerbera odollam Gaertn.,Cerbera odollam,Cerbera odollam Gaertn.,77913-1,Cerbera odollam,Cerbera odollam Gaertn.,Apocynaceae,Species,Cerbera odollam,Cerbera odollam Gaertn.,77913-1,Cerbera,37178,Accepted,direct_wcvp_w_author_unique,Cerbera odollam Gaertn.
90,90,Ceropegia juncea Roxb.,Ceropegia juncea,Ceropegia juncea Roxb.,95629-1,Ceropegia juncea,Ceropegia juncea Roxb.,Apocynaceae,Species,Ceropegia juncea,Ceropegia juncea Roxb.,95629-1,Ceropegia,502768,Accepted,direct_wcvp_w_author_unique,Ceropegia juncea Roxb.
91,91,Ceropegia bulbosa Roxb.,Ceropegia bulbosa,Ceropegia bulbosa Roxb.,95492-1,Ceropegia bulbosa,Ceropegia bulbosa Roxb.,Apocynaceae,Species,Ceropegia bulbosa,Ceropegia bulbosa Roxb.,95492-1,Ceropegia,502573,Accepted,direct_wcvp_w_author_unique,Ceropegia bulbosa Roxb.
92,92,Ceropegia media (H. Huber) Ansari,Ceropegia media,Ceropegia media (H.Huber) Ansari,95667-1,Ceropegia media,Ceropegia media (H.Huber) Ansari,Apocynaceae,Species,Ceropegia media,Ceropegia media (H.Huber) Ansari,95667-1,Ceropegia,502838,Accepted,direct_wcvp_w_author_unique,Ceropegia media (H.Huber) Ansari
93,93,"Ceropegia sahyadrica var. karulensis (Punekar, Tamhankar, Lakshmin., Kumaran, Raut, S. K. Srivast. & Kavade) Kambale & S. R. Yadav",Ceropegia sahyadrica var. karulensis,"Ceropegia sahyadrica var. karulensis (Punekar, Tamhankar, Lakshmin., Kumaran, Raut, S.K.Srivast. & Kavade) Kambale & S.R.Yadav",77202358-1,Ceropegia sahyadrica var. karulensis,"Ceropegia sahyadrica var. karulensis (Punekar, Tamhankar, Lakshmin., Kumaran, Raut, S.K.Srivast. & Kavade) Kambale & S.R.Yadav",Apocynaceae,Variety,Ceropegia sahyadrica,Ceropegia sahyadrica Ansari & B.G.P.Kulk.,95755-1,Ceropegia sahyadrica,533243,Accepted,direct_wcvp_w_author_unique,"Ceropegia sahyadrica var. karulensis (Punekar, Tamhankar, Lakshmin., Kumaran, Raut, S.K.Srivast. & Kavade) Kambale & S.R.Yadav"
94,94,Chilocarpus costatus Miq.,Chilocarpus costatus,Chilocarpus costatus Miq.,77967-1,Chilocarpus costatus,Chilocarpus costatus Miq.,Apocynaceae,Species,Chilocarpus costatus,Chilocarpus costatus Miq.,77967-1,Chilocarpus,38927,Accepted,direct_wcvp_w_author_unique,Chilocarpus costatus Miq.
95,95,Chloropetalum denticulatum (Vahl) Morillo,Chloropetalum denticulatum,Chloropetalum denticulatum (Vahl) Morillo,77206440-1,Chloropetalum denticulatum,Chloropetalum denticulatum (Vahl) Morillo,Apocynaceae,Species,Chloropetalum denticulatum,Chloropetalum denticulatum (Vahl) Morillo,77206440-1,Chloropetalum,537303,Accepted,direct_wcvp_w_author_unique,Chloropetalum denticulatum (Vahl) Morillo
96,96,Chonemorpha fragrans (Moon) Alston,Chonemorpha fragrans,Chonemorpha fragrans (Moon) Alston,78008-1,Chonemorpha fragrans,Chonemorpha fragrans (Moon) Alston,Apocynaceae,Species,Chonemorpha fragrans,Chonemorpha fragrans (Moon) Alston,78008-1,Chonemorpha,39736,Accepted,direct_wcvp_w_author_unique,Chonemorpha fragrans (Moon) Alston
97,97,Condylocarpon isthmicum (Vell.) A. DC.,Condylocarpon isthmicum,Condylocarpon isthmicum (Vell.) A.DC.,1190728-2,Condylocarpon isthmicum,Condylocarpon isthmicum (Vell.) A.DC.,Apocynaceae,Species,Condylocarpon isthmicum,Condylocarpon isthmicum (Vell.) A.DC.,1190728-2,Condylocarpon,46523,Accepted,direct_wcvp_w_author_unique,Condylocarpon isthmicum (Vell.) A.DC.
98,98,Cosmostigma cordatum (Poir.) M. R. Almeida,Cosmostigma cordatum,Cosmostigma cordatum (Poir.) M.R.Almeida,20008971-1,Cosmostigma cordatum,Cosmostigma cordatum (Poir.) M.R.Almeida,Apocynaceae,Species,Cosmostigma cordatum,Cosmostigma cordatum (Poir.) M.R.Almeida,20008971-1,Cosmostigma,503167,Accepted,direct_wcvp_w_author_unique,Cosmostigma cordatum (Poir.) M.R.Almeida
99,99,Craspidospermum verticillatum Bojer ex Decne.,Craspidospermum verticillatum,Craspidospermum verticillatum Bojer ex Decne.,78180-1,Craspidospermum verticillatum,Craspidospermum verticillatum Bojer ex Decne.,Apocynaceae,Species,Craspidospermum verticillatum,Craspidospermum verticillatum Bojer ex Decne.,78180-1,Craspidospermum,48715,Accepted,direct_wcvp_w_author_unique,Craspidospermum verticillatum Bojer ex Decne.
100,100,Crioceras dipladeniiflorus (Stapf) K. Schum.,Crioceras dipladeniiflorus,Crioceras dipladeniiflorus (Stapf) K.Schum.,78181-1,Crioceras dipladeniiflorus,Crioceras dipladeniiflorus (Stapf) K.Schum.,Apocynaceae,Species,Crioceras dipladeniiflorus,Crioceras dipladeniiflorus (Stapf) K.Schum.,78181-1,Crioceras,49082,Accepted,direct_wcvp_w_author_unique,Crioceras dipladeniiflorus (Stapf) K.Schum.
101,101,Cryptolepis apiculata K. Schum.,Cryptolepis apiculata,Cryptolepis apiculata K.Schum.,95909-1,Cryptolepis apiculata,Cryptolepis apiculata K.Schum.,Apocynaceae,Species,Cryptolepis apiculata,Cryptolepis apiculata K.Schum.,95909-1,Cryptolepis,503194,Accepted,direct_wcvp_w_author_unique,Cryptolepis apiculata K.Schum.
102,102,Cryptolepis capensis Schltr.,Cryptolepis capensis,Cryptolepis capensis Schltr.,95917-1,Cryptolepis capensis,Cryptolepis capensis Schltr.,Apocynaceae,Species,Cryptolepis capensis,Cryptolepis capensis Schltr.,95917-1,Cryptolepis,503205,Accepted,direct_wcvp_w_author_unique,Cryptolepis capensis Schltr.
103,103,Cryptolepis cryptolepioides (SChltr.) Bullock,Cryptolepis cryptolepioides,Cryptolepis cryptolepioides (Schltr.) Bullock,95918-1,Cryptolepis cryptolepioides,Cryptolepis cryptolepioides (Schltr.) Bullock,Apocynaceae,Species,Cryptolepis cryptolepioides,Cryptolepis cryptolepioides (Schltr.) Bullock,95918-1,Cryptolepis,503206,Accepted,direct_wcvp_w_author_unique,Cryptolepis cryptolepioides (Schltr.) Bullock
104,104,Cryptolepis obtusa N. E. Br.,Cryptolepis obtusa,Cryptolepis obtusa N.E.Br.,95945-1,Cryptolepis obtusa,Cryptolepis obtusa N.E.Br.,Apocynaceae,Species,Cryptolepis obtusa,Cryptolepis obtusa N.E.Br.,95945-1,Cryptolepis,503244,Accepted,direct_wcvp_w_author_unique,Cryptolepis obtusa N.E.Br.
105,105,Cryptolepis sanguinolenta (Lindl.) Schltr.,Cryptolepis sanguinolenta,Cryptolepis sanguinolenta (Lindl.) Schltr.,95951-1,Cryptolepis sanguinolenta,Cryptolepis sanguinolenta (Lindl.) Schltr.,Apocynaceae,Species,Cryptolepis sanguinolenta,Cryptolepis sanguinolenta (Lindl.) Schltr.,95951-1,Cryptolepis,503255,Accepted,direct_wcvp_w_author_unique,Cryptolepis sanguinolenta (Lindl.) Schltr.
106,106,Cryptolepis buchananii R. Br. ex Roem. & Schult.,Cryptolepis buchananii,"Cryptolepis buchananii Syst. Veg., ed. 15 bis 4: 409 (1819) Roem. & Schult. 1819",95915-1,Cryptolepis buchananii,Cryptolepis buchananii R.Br. ex Roem. & Schult.,Apocynaceae,Species,Cryptolepis buchananii,Cryptolepis buchananii R.Br. ex Roem. & Schult.,95915-1,Cryptolepis,503203,Accepted,knms_single,"Cryptolepis buchananii Syst. Veg., ed. 15 bis 4: 409 (1819) Roem. & Schult. 1819"
107,107,Cryptolepis decidua (Planch. ex Benth.) N. E. Br.,Cryptolepis decidua,"Cryptolepis decidua D.Oliver & auct. suc. (eds.), Fl. Trop. Afr. 4(1): 243 (1902) (Planch. ex Benth.) N.E.Br. 1902",95920-1,Cryptolepis decidua,Cryptolepis decidua (Planch. ex Benth.) N.E.Br.,Apocynaceae,Species,Cryptolepis decidua,Cryptolepis decidua (Planch. ex Benth.) N.E.Br.,95920-1,Cryptolepis,503208,Accepted,knms_single,"Cryptolepis decidua D.Oliver & auct. suc. (eds.), Fl. Trop. Afr. 4(1): 243 (1902) (Planch. ex Benth.) N.E.Br. 1902"
108,108,Cryptolepis hypoglauca K. Schum.,Cryptolepis hypoglauca,Cryptolepis hypoglauca K.Schum.,95931-1,Cryptolepis hypoglauca,Cryptolepis hypoglauca K.Schum.,Apocynaceae,Species,Cryptolepis hypoglauca,Cryptolepis hypoglauca K.Schum.,95931-1,Cryptolepis,503223,Accepted,direct_wcvp_w_author_unique,Cryptolepis hypoglauca K.Schum.
109,109,Cryptolepis nigrescens (Wennberg) L. Joubert & Bruyns,Cryptolepis nigrescens,Cryptolepis nigrescens (Wennberg) L.Joubert & Bruyns,77158572-1,Cryptolepis nigrescens,Cryptolepis nigrescens (Wennberg) L.Joubert & Bruyns,Apocynaceae,Species,Cryptolepis nigrescens,Cryptolepis nigrescens (Wennberg) L.Joubert & Bruyns,77158572-1,Cryptolepis,520226,Accepted,direct_wcvp_w_author_unique,Cryptolepis nigrescens (Wennberg) L.Joubert & Bruyns
110,110,Cynanchum maximoviczii Pobed.,Cynanchum maximoviczii,Cynanchum maximoviczii Pobed.,96387-1,Cynanchum maximoviczii,Cynanchum maximoviczii Pobed.,Apocynaceae,Species,Cynanchum maximoviczii,Cynanchum maximoviczii Pobed.,96387-1,Cynanchum,503890,Accepted,direct_wcvp_w_author_unique,Cynanchum maximoviczii Pobed.
111,111,Cynanchum wilfordii (Maxim.) Hook. f.,Cynanchum wilfordii,Cynanchum wilfordii (Maxim.) Hook.f.,96697-1,Cynanchum wilfordii,Cynanchum wilfordii (Maxim.) Hook.f.,Apocynaceae,Species,Cynanchum wilfordii,Cynanchum wilfordii (Maxim.) Hook.f.,96697-1,Cynanchum,504317,Accepted,direct_wcvp_w_author_unique,Cynanchum wilfordii (Maxim.) Hook.f.
112,112,Decalepis arayalpathra (J. Joseph & V. Chandras.) Venter,Decalepis arayalpathra,Decalepis arayalpathra (J.Joseph & V.Chandras.) Venter,998076-1,Decalepis arayalpathra,Decalepis arayalpathra (J.Joseph & V.Chandras.) Venter,Apocynaceae,Species,Decalepis arayalpathra,Decalepis arayalpathra (J.Joseph & V.Chandras.) Venter,998076-1,Decalepis,504414,Accepted,direct_wcvp_w_author_unique,Decalepis arayalpathra (J.Joseph & V.Chandras.) Venter
113,113,Decalepis nervosa (Wight & Arn.) Venter,Decalepis nervosa,Decalepis nervosa (Wight & Arn.) Venter,998075-1,Decalepis nervosa,Decalepis nervosa (Wight & Arn.) Venter,Apocynaceae,Species,Decalepis nervosa,Decalepis nervosa (Wight & Arn.) Venter,998075-1,Decalepis,504416,Accepted,direct_wcvp_w_author_unique,Decalepis nervosa (Wight & Arn.) Venter
114,114,Decalepis hamiltonii Wight & Arn.,Decalepis hamiltonii,Decalepis hamiltonii Wight & Arn.,96807-1,Decalepis hamiltonii,Decalepis hamiltonii Wight & Arn.,Apocynaceae,Species,Decalepis hamiltonii,Decalepis hamiltonii Wight & Arn.,96807-1,Decalepis,504415,Accepted,direct_wcvp_w_author_unique,Decalepis hamiltonii Wight & Arn.
115,115,Desmidorchis penicillata (Deflers) Plowes,Desmidorchis penicillata,Desmidorchis penicillata (Deflers) Plowes,986779-1,Desmidorchis penicillata,Desmidorchis penicillata (Deflers) Plowes,Apocynaceae,Species,Desmidorchis penicillata,Desmidorchis penicillata (Deflers) Plowes,986779-1,Desmidorchis,504449,Accepted,direct_wcvp_w_author_unique,Desmidorchis penicillata (Deflers) Plowes
116,116,Desmidorchis retrospiciens Ehrenb.,Desmidorchis retrospiciens,Desmidorchis retrospiciens Ehrenb.,96827-1,Desmidorchis retrospiciens,Desmidorchis retrospiciens Ehrenb.,Apocynaceae,Species,Desmidorchis retrospiciens,Desmidorchis retrospiciens Ehrenb.,96827-1,Desmidorchis,504451,Accepted,direct_wcvp_w_author_unique,Desmidorchis retrospiciens Ehrenb.
117,117,Dictyophleba lucida (K. Schum) Pierre,Dictyophleba lucida,Dictyophleba lucida (K.Schum.) Pierre,78221-1,Dictyophleba lucida,Dictyophleba lucida (K.Schum.) Pierre,Apocynaceae,Species,Dictyophleba lucida,Dictyophleba lucida (K.Schum.) Pierre,78221-1,Dictyophleba,61483,Accepted,direct_wcvp_w_author_unique,Dictyophleba lucida (K.Schum.) Pierre
118,118,Diplorhynchus condylocarpon (Müll. Arg.) Pichon,Diplorhynchus condylocarpon,Diplorhynchus condylocarpon (Müll.Arg.) Pichon,78310-1,Diplorhynchus condylocarpon,Diplorhynchus condylocarpon (Müll.Arg.) Pichon,Apocynaceae,Species,Diplorhynchus condylocarpon,Diplorhynchus condylocarpon (Müll.Arg.) Pichon,78310-1,Diplorhynchus,62519,Accepted,direct_wcvp_w_author_unique,Diplorhynchus condylocarpon (Müll.Arg.) Pichon
119,119,Dischidia formosana Maxim.,Dischidia formosana,Dischidia formosana Maxim.,96939-1,Dischidia formosana,Dischidia formosana Maxim.,Apocynaceae,Species,Dischidia formosana,Dischidia formosana Maxim.,96939-1,Dischidia,504604,Accepted,direct_wcvp_w_author_unique,Dischidia formosana Maxim.
120,120,Ditassa eximia Decne.,Ditassa eximia,Ditassa eximia Decne.,97123-1,Ditassa eximia,Ditassa eximia Decne.,Apocynaceae,Species,Ditassa eximia,Ditassa eximia Decne.,97123-1,Ditassa,504811,Accepted,direct_wcvp_w_author_unique,Ditassa eximia Decne.
121,121,Ditassa lenheirensis Silveira,Ditassa lenheirensis,Ditassa lenheirensis Silveira,82462-2,Ditassa lenheirensis,Ditassa lenheirensis Silveira,Apocynaceae,Species,Ditassa lenheirensis,Ditassa lenheirensis Silveira,82462-2,Ditassa,504847,Accepted,direct_wcvp_w_author_unique,Ditassa lenheirensis Silveira
122,122,Dyera costulata (Miq.) Hook. F.,Dyera costulata,Dyera costulata (Miq.) Hook.f.,78323-1,Dyera costulata,Dyera costulata (Miq.) Hook.f.,Apocynaceae,Species,Dyera costulata,Dyera costulata (Miq.) Hook.f.,78323-1,Dyera,65383,Accepted,direct_wcvp_w_author_unique,Dyera costulata (Miq.) Hook.f.
123,123,Echites panduratus,Echites panduratus,Echites panduratus,88698-2,Echites panduratus,Echites panduratus A.DC.,Apocynaceae,Species,Echites panduratus,Echites panduratus A.DC.,88698-2,Echites,66082,Accepted,direct_wcvp_unique,Echites panduratus
124,124,Echites umbellatus Jacq.,Echites umbellatus,Echites umbellatus Jacq.,78821-1,Echites umbellatus,Echites umbellatus Jacq.,Apocynaceae,Species,Echites umbellatus,Echites umbellatus Jacq.,78821-1,Echites,66214,Accepted,direct_wcvp_w_author_unique,Echites umbellatus Jacq.
125,125,Eucorymbia alba Stapf,Eucorymbia alba,Eucorymbia alba Stapf,78988-1,Eucorymbia alba,Eucorymbia alba Stapf,Apocynaceae,Species,Eucorymbia alba,Eucorymbia alba Stapf,78988-1,Eucorymbia,74194,Accepted,direct_wcvp_w_author_unique,Eucorymbia alba Stapf
126,126,Fischeria stellata (Vell.) E. Fourn.,Fischeria stellata,Fischeria stellata (Vell.) E.Fourn.,97427-1,Fischeria stellata,Fischeria stellata (Vell.) E.Fourn.,Apocynaceae,Species,Fischeria stellata,Fischeria stellata (Vell.) E.Fourn.,97427-1,Fischeria,505513,Accepted,direct_wcvp_w_author_unique,Fischeria stellata (Vell.) E.Fourn.
127,127,Funtumia elastica (Preuss) Stapf,Funtumia elastica,Funtumia elastica (Preuss) Stapf,79099-1,Funtumia elastica,Funtumia elastica (Preuss) Stapf,Apocynaceae,Species,Funtumia elastica,Funtumia elastica (Preuss) Stapf,79099-1,Funtumia,84896,Accepted,direct_wcvp_w_author_unique,Funtumia elastica (Preuss) Stapf
128,128,Funtumia africana (Benth.) Stapf,Funtumia africana,Funtumia africana (Benth.) Stapf,79098-1,Funtumia africana,Funtumia africana (Benth.) Stapf,Apocynaceae,Species,Funtumia africana,Funtumia africana (Benth.) Stapf,79098-1,Funtumia,84894,Accepted,direct_wcvp_w_author_unique,Funtumia africana (Benth.) Stapf
129,129,Galactophora schomburgkiana,Galactophora schomburgkiana,Galactophora schomburgkiana,106756-2,Galactophora schomburgkiana,Galactophora schomburgkiana Woodson,Apocynaceae,Species,Galactophora schomburgkiana,Galactophora schomburgkiana Woodson,106756-2,Galactophora,85118,Accepted,direct_wcvp_unique,Galactophora schomburgkiana
130,130,Geissospermum laeve (Vell.) Miers,Geissospermum laeve,Geissospermum laeve (Vell.) Miers,79123-1,Geissospermum laeve,Geissospermum laeve (Vell.) Miers,Apocynaceae,Species,Geissospermum laeve,Geissospermum laeve (Vell.) Miers,79123-1,Geissospermum,88953,Accepted,direct_wcvp_w_author_unique,Geissospermum laeve (Vell.) Miers
131,131,Geissospermum sericeum Miers,Geissospermum sericeum,Geissospermum sericeum Miers,1006780-1,Geissospermum sericeum,Geissospermum sericeum Miers,Apocynaceae,Species,Geissospermum sericeum,Geissospermum sericeum Miers,1006780-1,Geissospermum,88958,Accepted,direct_wcvp_w_author_unique,Geissospermum sericeum Miers
132,132,Geissospermum urceolatum A. H. Gentry,Geissospermum urceolatum,Geissospermum urceolatum A.H.Gentry,277357-2,Geissospermum urceolatum,Geissospermum urceolatum A.H.Gentry,Apocynaceae,Species,Geissospermum urceolatum,Geissospermum urceolatum A.H.Gentry,277357-2,Geissospermum,88960,Accepted,direct_wcvp_w_author_unique,Geissospermum urceolatum A.H.Gentry
133,133,Geissospermum argenteum Woodson,Geissospermum argenteum,Geissospermum argenteum Woodson,108063-2,Geissospermum argenteum,Geissospermum argenteum Woodson,Apocynaceae,Species,Geissospermum argenteum,Geissospermum argenteum Woodson,108063-2,Geissospermum,88950,Accepted,direct_wcvp_w_author_unique,Geissospermum argenteum Woodson
134,134,Geissospermum reticulatum A. H. Gentry,Geissospermum reticulatum,Geissospermum reticulatum A.H.Gentry,277356-2,Geissospermum reticulatum,Geissospermum reticulatum A.H.Gentry,Apocynaceae,Species,Geissospermum reticulatum,Geissospermum reticulatum A.H.Gentry,277356-2,Geissospermum,88957,Accepted,direct_wcvp_w_author_unique,Geissospermum reticulatum A.H.Gentry
135,135,Gomphocarpus fruticosus (l.) W. T. Aiton,Gomphocarpus fruticosus,Gomphocarpus fruticosus (L.) W.T.Aiton,97610-1,Gomphocarpus fruticosus,Gomphocarpus fruticosus (L.) W.T.Aiton,Apocynaceae,Species,Gomphocarpus fruticosus,Gomphocarpus fruticosus (L.) W.T.Aiton,97610-1,Gomphocarpus,505642,Accepted,direct_wcvp_w_author_unique,Gomphocarpus fruticosus (L.) W.T.Aiton
136,136,Gomphocarpus semilunatus A. Rich.,Gomphocarpus semilunatus,Gomphocarpus semilunatus A.Rich.,97692-1,Gomphocarpus semilunatus,Gomphocarpus semilunatus A.Rich.,Apocynaceae,Species,Gomphocarpus semilunatus,Gomphocarpus semilunatus A.Rich.,97692-1,Gomphocarpus,505733,Accepted,direct_wcvp_w_author_unique,Gomphocarpus semilunatus A.Rich.
137,137,Gongronema napalense (Wall.) Decne.,Gongronema napalense,Gongronema napalense (Wall.) Decne.,97744-1,Gongronema napalense,Gongronema napalense (Wall.) Decne.,Apocynaceae,Species,Gongronema napalense,Gongronema napalense (Wall.) Decne.,97744-1,Gongronema,505790,Accepted,direct_wcvp_w_author_unique,Gongronema napalense (Wall.) Decne.
138,138,Gonioma malagasy Markgr. & Boiteau,Gonioma malagasy,Gonioma malagasy Markgr. & Boiteau,79134-1,Gonioma malagasy,Gonioma malagasy Markgr. & Boiteau,Apocynaceae,Species,Gonioma malagasy,Gonioma malagasy Markgr. & Boiteau,79134-1,Gonioma,91639,Accepted,direct_wcvp_w_author_unique,Gonioma malagasy Markgr. & Boiteau
139,139,Gonioma kamassi E. Mey.,Gonioma kamassi,Gonioma kamassi E.Mey.,79133-1,Gonioma kamassi,Gonioma kamassi E.Mey.,Apocynaceae,Species,Gonioma kamassi,Gonioma kamassi E.Mey.,79133-1,Gonioma,91637,Accepted,direct_wcvp_w_author_unique,Gonioma kamassi E.Mey.
140,140,Gymnema sylvestre (Retz.) R. Br. ex Sm.,Gymnema sylvestre,"Gymnema sylvestre A.Rees, Cycl. 17: n.º 4 (1811) (Retz.) R.Br. ex Sm. 1811",60454719-2,Gymnema sylvestre,Gymnema sylvestre (Retz.) R.Br. ex Sm.,Apocynaceae,Species,Gymnema sylvestre,Gymnema sylvestre (Retz.) R.Br. ex Sm.,60454719-2,Gymnema,506350,Accepted,knms_single,"Gymnema sylvestre A.Rees, Cycl. 17: n.º 4 (1811) (Retz.) R.Br. ex Sm. 1811"
141,141,Gymnema decaisneanum Wight,Gymnema decaisneanum,Gymnema decaisneanum Wight,98158-1,Gymnema decaisneanum,Gymnema decaisneanum Wight,Apocynaceae,Species,Gymnema decaisneanum,Gymnema decaisneanum Wight,98158-1,Gymnema,506269,Accepted,direct_wcvp_w_author_unique,Gymnema decaisneanum Wight
142,142,Gymnema elegans Wight & Arn.,Gymnema elegans,Gymnema elegans Wight & Arn.,98160-1,Gymnema elegans,Gymnema elegans Wight & Arn.,Apocynaceae,Species,Gymnema elegans,Gymnema elegans Wight & Arn.,98160-1,Gymnema,506272,Accepted,direct_wcvp_w_author_unique,Gymnema elegans Wight & Arn.
143,143,Gymnema latifolium Wall. ex Wight,Gymnema latifolium,Gymnema latifolium Wall. ex Wight,98182-1,Gymnema latifolium,Gymnema latifolium Wall. ex Wight,Apocynaceae,Species,Gymnema latifolium,Gymnema latifolium Wall. ex Wight,98182-1,Gymnema,506300,Accepted,direct_wcvp_w_author_unique,Gymnema latifolium Wall. ex Wight
144,144,Gymnema inodorum (Lour.) Decne.,Gymnema inodorum,Gymnema inodorum (Lour.) Decne.,98176-1,Gymnema inodorum,Gymnema inodorum (Lour.) Decne.,Apocynaceae,Species,Gymnema inodorum,Gymnema inodorum (Lour.) Decne.,98176-1,Gymnema,506289,Accepted,direct_wcvp_w_author_unique,Gymnema inodorum (Lour.) Decne.
145,145,Hancornia speciosa Gomes,Hancornia speciosa,Hancornia speciosa Gomes,328991-2,Hancornia speciosa,Hancornia speciosa Gomes,Apocynaceae,Species,Hancornia speciosa,Hancornia speciosa Gomes,328991-2,Hancornia,96116,Accepted,direct_wcvp_w_author_unique,Hancornia speciosa Gomes
146,146,Haplophyton cimicidum A. DC.,Haplophyton cimicidum,Haplophyton cimicidum A.DC.,79244-1,Haplophyton cimicidum,Haplophyton cimicidum A.DC.,Apocynaceae,Species,Haplophyton cimicidum,Haplophyton cimicidum A.DC.,79244-1,Haplophyton,96249,Accepted,direct_wcvp_w_author_unique,Haplophyton cimicidum A.DC.
147,147,Haplophyton crooksi (L. D. Benson) L. D. Benson,Haplophyton crooksii,Haplophyton crooksii Amer. J. Bot. 30: 630 (1943) (L.D.Benson) L.D.Benson 1943,117868-2,Haplophyton crooksii,Haplophyton crooksii (L.D.Benson) L.D.Benson,Apocynaceae,Species,Haplophyton crooksii,Haplophyton crooksii (L.D.Benson) L.D.Benson,117868-2,Haplophyton,96252,Accepted,knms_single,Haplophyton crooksii Amer. J. Bot. 30: 630 (1943) (L.D.Benson) L.D.Benson 1943
148,148,Hemidesmus indicus (L.) R. Br.,Hemidesmus indicus,Hemidesmus indicus (L.) R.Br.,60443873-2,Hemidesmus indicus,Hemidesmus indicus (L.) R.Br.,Apocynaceae,Species,Hemidesmus indicus,Hemidesmus indicus (L.) R.Br.,60443873-2,Hemidesmus,506392,Accepted,direct_wcvp_w_author_unique,Hemidesmus indicus (L.) R.Br.
149,149,Himatanthus articulatus (Vahl) Woodson,Himatanthus articulatus,Himatanthus articulatus (Vahl) Woodson,122688-2,Himatanthus articulatus,Himatanthus articulatus (Vahl) Woodson,Apocynaceae,Species,Himatanthus articulatus,Himatanthus articulatus (Vahl) Woodson,122688-2,Himatanthus,99294,Accepted,direct_wcvp_w_author_unique,Himatanthus articulatus (Vahl) Woodson
150,150,Himatanthus bracteatus (A. DC.) Woodson,Himatanthus bracteatus,Himatanthus bracteatus (A.DC.) Woodson,122690-2,Himatanthus bracteatus,Himatanthus bracteatus (A.DC.) Woodson,Apocynaceae,Species,Himatanthus bracteatus,Himatanthus bracteatus (A.DC.) Woodson,122690-2,Himatanthus,99299,Accepted,direct_wcvp_w_author_unique,Himatanthus bracteatus (A.DC.) Woodson
151,151,Himatanthus attenuatus (Benth.) Woodson,Himatanthus attenuatus,Himatanthus attenuatus (Benth.) Woodson,122689-2,Himatanthus attenuatus,Himatanthus attenuatus (Benth.) Woodson,Apocynaceae,Species,Himatanthus attenuatus,Himatanthus attenuatus (Benth.) Woodson,122689-2,Himatanthus,99295,Accepted,direct_wcvp_w_author_unique,Himatanthus attenuatus (Benth.) Woodson
152,152,Himatanthus tarapotensis (K. Schum. Ex Markgr.) Plumel,Himatanthus tarapotensis,Himatanthus tarapotensis Compt. Rend. Séances Soc. Biogéogr. 66: 112 (1990) (K.Schum. ex Markgr.) Plumel 1990,962262-1,Himatanthus tarapotensis,Himatanthus tarapotensis (K.Schum. ex Markgr.) Plumel,Apocynaceae,Species,Himatanthus tarapotensis,Himatanthus tarapotensis (K.Schum. ex Markgr.) Plumel,962262-1,Himatanthus,99314,Accepted,knms_single,Himatanthus tarapotensis Compt. Rend. Séances Soc. Biogéogr. 66: 112 (1990) (K.Schum. ex Markgr.) Plumel 1990
153,153,Himatanthus obovatus (Müll. Arg.) Woodson,Himatanthus obovatus,Himatanthus obovatus (Müll.Arg.) Woodson,122692-2,Himatanthus obovatus,Himatanthus obovatus (Müll.Arg.) Woodson,Apocynaceae,Species,Himatanthus obovatus,Himatanthus obovatus (Müll.Arg.) Woodson,122692-2,Himatanthus,99305,Accepted,direct_wcvp_w_author_unique,Himatanthus obovatus (Müll.Arg.) Woodson
