,Labelled,accepted_ipni_id,accepted_name,accepted_name_w_author,accepted_family,accepted_rank,accepted_species,accepted_species_w_author,accepted_species_ipni_id,accepted_parent,plant_name_id,taxon_status,matched_by,matched_name
0,Acokanthera schimperi,60447729-2,Acokanthera schimperi,Acokanthera schimperi (A.DC.) Schweinf.,Apocynaceae,Species,Acokanthera schimperi,Acokanthera schimperi (A.DC.) Schweinf.,60447729-2,Acokanthera,2171,Accepted,direct_wcvp_unique,Acokanthera schimperi
1,Adenium obesum,76369-1,Adenium obesum,Adenium obesum (Forssk.) Roem. & Schult.,Apocynaceae,Species,Adenium obesum,Adenium obesum (Forssk.) Roem. & Schult.,76369-1,Adenium,3030,Accepted,direct_wcvp_unique,Adenium obesum
2,Alafia barteri,76417-1,Alafia barteri,Alafia barteri Oliv.,Apocynaceae,Species,Alafia barteri,Alafia barteri Oliv.,76417-1,Alafia,5464,Accepted,direct_wcvp_unique,Alafia barteri
3,Allamanda cathartica,319065-2,Allamanda cathartica,Allamanda cathartica L.,Apocynaceae,Species,Allamanda cathartica,Allamanda cathartica L.,319065-2,Allamanda,6157,Accepted,direct_wcvp,Allamanda cathartica
4,Alstonia angustifolia,105718-3,Alstonia angustifolia,Alstonia angustifolia Wall. ex A.DC.,Apocynaceae,Species,Alstonia angustifolia,Alstonia angustifolia Wall. ex A.DC.,105718-3,Alstonia,6997,Accepted,direct_wcvp_unique,Alstonia angustifolia
5,Alstonia congensis,76517-1,Alstonia congensis,Alstonia congensis Engl.,Apocynaceae,Species,Alstonia congensis,Alstonia congensis Engl.,76517-1,Alstonia,7014,Accepted,direct_wcvp_unique,Alstonia congensis
6,Alstonia boonei,76511-1,Alstonia boonei,Alstonia boonei De Wild.,Apocynaceae,Species,Alstonia boonei,Alstonia boonei De Wild.,76511-1,Alstonia,7007,Accepted,direct_wcvp_unique,Alstonia boonei
7,Alstonia macrophylla,76556-1,Alstonia macrophylla,Alstonia macrophylla Wall. ex G.Don,Apocynaceae,Species,Alstonia macrophylla,Alstonia macrophylla Wall. ex G.Don,76556-1,Alstonia,7064,Accepted,direct_wcvp_unique,Alstonia macrophylla
8,Alstonia scholaris,60445977-2,Alstonia scholaris,Alstonia scholaris (L.) R.Br.,Apocynaceae,Species,Alstonia scholaris,Alstonia scholaris (L.) R.Br.,60445977-2,Alstonia,7103,Accepted,direct_wcvp_unique,Alstonia scholaris
9,Alstonia angustiloba,76507-1,Alstonia angustiloba,Alstonia angustiloba Miq.,Apocynaceae,Species,Alstonia angustiloba,Alstonia angustiloba Miq.,76507-1,Alstonia,7001,Accepted,direct_wcvp_unique,Alstonia angustiloba
10,Alstonia spectabilis,76597-1,Alstonia spectabilis,Alstonia spectabilis R.Br.,Apocynaceae,Species,Alstonia spectabilis,Alstonia spectabilis R.Br.,76597-1,Alstonia,7115,Accepted,direct_wcvp,Alstonia spectabilis
11,Alyxia stellata,76804-1,Alyxia stellata,Alyxia stellata (J.R.Forst. & G.Forst.) Roem. & Schult.,Apocynaceae,Species,Alyxia stellata,Alyxia stellata (J.R.Forst. & G.Forst.) Roem. & Schult.,76804-1,Alyxia,7450,Accepted,direct_wcvp_unique,Alyxia stellata
12,Amphineurion marginatum,77074602-1,Amphineurion marginatum,Amphineurion marginatum (Roxb.) D.J.Middleton,Apocynaceae,Species,Amphineurion marginatum,Amphineurion marginatum (Roxb.) D.J.Middleton,77074602-1,Amphineurion,343529,Accepted,direct_wcvp_unique,Amphineurion marginatum
13,Apteranthes tuberculata,20009957-1,Apteranthes tuberculata,Apteranthes tuberculata (N.E.Br.) Meve & Liede,Apocynaceae,Species,Apteranthes tuberculata,Apteranthes tuberculata (N.E.Br.) Meve & Liede,20009957-1,Apteranthes,500640,Accepted,direct_wcvp_unique,Apteranthes tuberculata
14,Aspidosperma cylindrocarpon,21952-2,Aspidosperma cylindrocarpon,Aspidosperma cylindrocarpon Müll.Arg.,Apocynaceae,Species,Aspidosperma cylindrocarpon,Aspidosperma cylindrocarpon Müll.Arg.,21952-2,Aspidosperma,17250,Accepted,direct_wcvp_unique,Aspidosperma cylindrocarpon
15,Aspidosperma desmanthum,77353-1,Aspidosperma desmanthum,Aspidosperma desmanthum Benth. ex Müll.Arg.,Apocynaceae,Species,Aspidosperma desmanthum,Aspidosperma desmanthum Benth. ex Müll.Arg.,77353-1,Aspidosperma,17256,Accepted,direct_wcvp_unique,Aspidosperma desmanthum
16,Aspidosperma excelsum,77367-1,Aspidosperma excelsum,Aspidosperma excelsum Benth.,Apocynaceae,Species,Aspidosperma excelsum,Aspidosperma excelsum Benth.,77367-1,Aspidosperma,17269,Accepted,direct_wcvp_unique,Aspidosperma excelsum
17,Aspidosperma macrocarpon,77400-1,Aspidosperma macrocarpon,Aspidosperma macrocarpon Mart.,Apocynaceae,Species,Aspidosperma macrocarpon,Aspidosperma macrocarpon Mart.,77400-1,Aspidosperma,17301,Accepted,direct_wcvp_unique,Aspidosperma macrocarpon
18,Aspidosperma megalocarpon,77405-1,Aspidosperma megalocarpon,Aspidosperma megalocarpon Müll.Arg.,Apocynaceae,Species,Aspidosperma megalocarpon,Aspidosperma megalocarpon Müll.Arg.,77405-1,Aspidosperma,17308,Accepted,direct_wcvp_unique,Aspidosperma megalocarpon
19,Aspidosperma nigricans,22012-2,Aspidosperma nigricans,Aspidosperma nigricans Handro,Apocynaceae,Species,Aspidosperma nigricans,Aspidosperma nigricans Handro,22012-2,Aspidosperma,17321,Accepted,direct_wcvp_unique,Aspidosperma nigricans
20,Aspidosperma oblongum,77418-1,Aspidosperma oblongum,Aspidosperma oblongum A.DC.,Apocynaceae,Species,Aspidosperma oblongum,Aspidosperma oblongum A.DC.,77418-1,Aspidosperma,17324,Accepted,direct_wcvp_unique,Aspidosperma oblongum
21,Aspidosperma olivaceum,22020-2,Aspidosperma olivaceum,Aspidosperma olivaceum Müll.Arg.,Apocynaceae,Species,Aspidosperma olivaceum,Aspidosperma olivaceum Müll.Arg.,22020-2,Aspidosperma,17330,Accepted,direct_wcvp_unique,Aspidosperma olivaceum
22,Aspidosperma parvifolium,315552-2,Aspidosperma parvifolium,Aspidosperma parvifolium A.DC.,Apocynaceae,Species,Aspidosperma parvifolium,Aspidosperma parvifolium A.DC.,315552-2,Aspidosperma,17334,Accepted,direct_wcvp_unique,Aspidosperma parvifolium
23,Aspidosperma polyneuron,77433-1,Aspidosperma polyneuron,Aspidosperma polyneuron Müll.Arg.,Apocynaceae,Species,Aspidosperma polyneuron,Aspidosperma polyneuron Müll.Arg.,77433-1,Aspidosperma,17339,Accepted,direct_wcvp_unique,Aspidosperma polyneuron
24,Aspidosperma quebracho-blanco,77440-1,Aspidosperma quebracho-blanco,Aspidosperma quebracho-blanco Schltdl.,Apocynaceae,Species,Aspidosperma quebracho-blanco,Aspidosperma quebracho-blanco Schltdl.,77440-1,Aspidosperma,17346,Accepted,direct_wcvp_unique,Aspidosperma quebracho-blanco
25,Aspidosperma ramiflorum,77443-1,Aspidosperma ramiflorum,Aspidosperma ramiflorum Müll.Arg.,Apocynaceae,Species,Aspidosperma ramiflorum,Aspidosperma ramiflorum Müll.Arg.,77443-1,Aspidosperma,17350,Accepted,direct_wcvp_unique,Aspidosperma ramiflorum
26,Aspidosperma rigidum,22058-2,Aspidosperma rigidum,Aspidosperma rigidum Rusby,Apocynaceae,Species,Aspidosperma rigidum,Aspidosperma rigidum Rusby,22058-2,Aspidosperma,17359,Accepted,direct_wcvp_unique,Aspidosperma rigidum
27,Aspidosperma spruceanum,22069-2,Aspidosperma spruceanum,Aspidosperma spruceanum Benth. ex Müll.Arg.,Apocynaceae,Species,Aspidosperma spruceanum,Aspidosperma spruceanum Benth. ex Müll.Arg.,22069-2,Aspidosperma,17370,Accepted,direct_wcvp_unique,Aspidosperma spruceanum
28,Aspidosperma subincanum,77465-1,Aspidosperma subincanum,Aspidosperma subincanum Mart.,Apocynaceae,Species,Aspidosperma subincanum,Aspidosperma subincanum Mart.,77465-1,Aspidosperma,17374,Accepted,direct_wcvp_unique,Aspidosperma subincanum
29,Aspidosperma tomentosum,77467-1,Aspidosperma tomentosum,Aspidosperma tomentosum Mart.,Apocynaceae,Species,Aspidosperma tomentosum,Aspidosperma tomentosum Mart.,77467-1,Aspidosperma,17378,Accepted,direct_wcvp_unique,Aspidosperma tomentosum
30,Aspidosperma ulei,22079-2,Aspidosperma ulei,Aspidosperma ulei Markgr.,Apocynaceae,Species,Aspidosperma ulei,Aspidosperma ulei Markgr.,22079-2,Aspidosperma,17381,Accepted,direct_wcvp_unique,Aspidosperma ulei
31,Calotropis procera,1004515-2,Calotropis procera,Calotropis procera (Aiton) W.T.Aiton,Apocynaceae,Species,Calotropis procera,Calotropis procera (Aiton) W.T.Aiton,1004515-2,Calotropis,502091,Accepted,direct_wcvp_unique,Calotropis procera
32,Calotropis gigantea,95173-1,Calotropis gigantea,Calotropis gigantea (L.) W.T.Aiton,Apocynaceae,Species,Calotropis gigantea,Calotropis gigantea (L.) W.T.Aiton,95173-1,Calotropis,502084,Accepted,direct_wcvp_unique,Calotropis gigantea
33,Carissa spinarum,77756-1,Carissa spinarum,Carissa spinarum L.,Apocynaceae,Species,Carissa spinarum,Carissa spinarum L.,77756-1,Carissa,34226,Accepted,direct_wcvp,Carissa spinarum
34,Cascabela thevetia,47927-2,Cascabela thevetia,Cascabela thevetia (L.) Lippold,Apocynaceae,Species,Cascabela thevetia,Cascabela thevetia (L.) Lippold,47927-2,Cascabela,34836,Accepted,direct_wcvp_unique,Cascabela thevetia
35,Catharanthus roseus,77880-1,Catharanthus roseus,Catharanthus roseus (L.) G.Don,Apocynaceae,Species,Catharanthus roseus,Catharanthus roseus (L.) G.Don,77880-1,Catharanthus,35719,Accepted,direct_wcvp_unique,Catharanthus roseus
36,Caudanthera sinaica,986775-1,Caudanthera sinaica,Caudanthera sinaica (Decne.) Plowes,Apocynaceae,Species,Caudanthera sinaica,Caudanthera sinaica (Decne.) Plowes,986775-1,Caudanthera,502453,Accepted,direct_wcvp_unique,Caudanthera sinaica
37,Chilocarpus costatus,77967-1,Chilocarpus costatus,Chilocarpus costatus Miq.,Apocynaceae,Species,Chilocarpus costatus,Chilocarpus costatus Miq.,77967-1,Chilocarpus,38927,Accepted,direct_wcvp_unique,Chilocarpus costatus
38,Condylocarpon isthmicum,1190728-2,Condylocarpon isthmicum,Condylocarpon isthmicum (Vell.) A.DC.,Apocynaceae,Species,Condylocarpon isthmicum,Condylocarpon isthmicum (Vell.) A.DC.,1190728-2,Condylocarpon,46523,Accepted,direct_wcvp_unique,Condylocarpon isthmicum
39,Cryptolepis sanguinolenta,95951-1,Cryptolepis sanguinolenta,Cryptolepis sanguinolenta (Lindl.) Schltr.,Apocynaceae,Species,Cryptolepis sanguinolenta,Cryptolepis sanguinolenta (Lindl.) Schltr.,95951-1,Cryptolepis,503255,Accepted,direct_wcvp_unique,Cryptolepis sanguinolenta
40,Cryptolepis nigrescens,77158572-1,Cryptolepis nigrescens,Cryptolepis nigrescens (Wennberg) L.Joubert & Bruyns,Apocynaceae,Species,Cryptolepis nigrescens,Cryptolepis nigrescens (Wennberg) L.Joubert & Bruyns,77158572-1,Cryptolepis,520226,Accepted,direct_wcvp_unique,Cryptolepis nigrescens
41,Desmidorchis penicillata,986779-1,Desmidorchis penicillata,Desmidorchis penicillata (Deflers) Plowes,Apocynaceae,Species,Desmidorchis penicillata,Desmidorchis penicillata (Deflers) Plowes,986779-1,Desmidorchis,504449,Accepted,direct_wcvp_unique,Desmidorchis penicillata
42,Desmidorchis retrospiciens,96827-1,Desmidorchis retrospiciens,Desmidorchis retrospiciens Ehrenb.,Apocynaceae,Species,Desmidorchis retrospiciens,Desmidorchis retrospiciens Ehrenb.,96827-1,Desmidorchis,504451,Accepted,direct_wcvp_unique,Desmidorchis retrospiciens
43,Diplorhynchus condylocarpon,78310-1,Diplorhynchus condylocarpon,Diplorhynchus condylocarpon (Müll.Arg.) Pichon,Apocynaceae,Species,Diplorhynchus condylocarpon,Diplorhynchus condylocarpon (Müll.Arg.) Pichon,78310-1,Diplorhynchus,62519,Accepted,direct_wcvp_unique,Diplorhynchus condylocarpon
44,Dyera costulata,78323-1,Dyera costulata,Dyera costulata (Miq.) Hook.f.,Apocynaceae,Species,Dyera costulata,Dyera costulata (Miq.) Hook.f.,78323-1,Dyera,65383,Accepted,direct_wcvp_unique,Dyera costulata
45,Funtumia elastica,79099-1,Funtumia elastica,Funtumia elastica (Preuss) Stapf,Apocynaceae,Species,Funtumia elastica,Funtumia elastica (Preuss) Stapf,79099-1,Funtumia,84896,Accepted,direct_wcvp_unique,Funtumia elastica
46,Funtumia africana,79098-1,Funtumia africana,Funtumia africana (Benth.) Stapf,Apocynaceae,Species,Funtumia africana,Funtumia africana (Benth.) Stapf,79098-1,Funtumia,84894,Accepted,direct_wcvp_unique,Funtumia africana
47,Geissospermum laeve,79123-1,Geissospermum laeve,Geissospermum laeve (Vell.) Miers,Apocynaceae,Species,Geissospermum laeve,Geissospermum laeve (Vell.) Miers,79123-1,Geissospermum,88953,Accepted,direct_wcvp_unique,Geissospermum laeve
48,Geissospermum sericeum,1006780-1,Geissospermum sericeum,Geissospermum sericeum Miers,Apocynaceae,Species,Geissospermum sericeum,Geissospermum sericeum Miers,1006780-1,Geissospermum,88958,Accepted,direct_wcvp_unique,Geissospermum sericeum
49,Gomphocarpus semilunatus,97692-1,Gomphocarpus semilunatus,Gomphocarpus semilunatus A.Rich.,Apocynaceae,Species,Gomphocarpus semilunatus,Gomphocarpus semilunatus A.Rich.,97692-1,Gomphocarpus,505733,Accepted,direct_wcvp_unique,Gomphocarpus semilunatus
50,Gomphocarpus fruticosus,97610-1,Gomphocarpus fruticosus,Gomphocarpus fruticosus (L.) W.T.Aiton,Apocynaceae,Species,Gomphocarpus fruticosus,Gomphocarpus fruticosus (L.) W.T.Aiton,97610-1,Gomphocarpus,505642,Accepted,direct_wcvp_unique,Gomphocarpus fruticosus
51,Gongronema napalense,97744-1,Gongronema napalense,Gongronema napalense (Wall.) Decne.,Apocynaceae,Species,Gongronema napalense,Gongronema napalense (Wall.) Decne.,97744-1,Gongronema,505790,Accepted,direct_wcvp_unique,Gongronema napalense
52,Gonioma malagasy,79134-1,Gonioma malagasy,Gonioma malagasy Markgr. & Boiteau,Apocynaceae,Species,Gonioma malagasy,Gonioma malagasy Markgr. & Boiteau,79134-1,Gonioma,91639,Accepted,direct_wcvp_unique,Gonioma malagasy
53,Gymnema sylvestre,60454719-2,Gymnema sylvestre,Gymnema sylvestre (Retz.) R.Br. ex Sm.,Apocynaceae,Species,Gymnema sylvestre,Gymnema sylvestre (Retz.) R.Br. ex Sm.,60454719-2,Gymnema,506350,Accepted,direct_wcvp_unique,Gymnema sylvestre
54,Gymnema inodorum,98176-1,Gymnema inodorum,Gymnema inodorum (Lour.) Decne.,Apocynaceae,Species,Gymnema inodorum,Gymnema inodorum (Lour.) Decne.,98176-1,Gymnema,506289,Accepted,direct_wcvp_unique,Gymnema inodorum
55,Hancornia speciosa,328991-2,Hancornia speciosa,Hancornia speciosa Gomes,Apocynaceae,Species,Hancornia speciosa,Hancornia speciosa Gomes,328991-2,Hancornia,96116,Accepted,direct_wcvp_unique,Hancornia speciosa
56,Hemidesmus indicus,60443873-2,Hemidesmus indicus,Hemidesmus indicus (L.) R.Br.,Apocynaceae,Species,Hemidesmus indicus,Hemidesmus indicus (L.) R.Br.,60443873-2,Hemidesmus,506392,Accepted,direct_wcvp_unique,Hemidesmus indicus
57,Himatanthus articulatus,122688-2,Himatanthus articulatus,Himatanthus articulatus (Vahl) Woodson,Apocynaceae,Species,Himatanthus articulatus,Himatanthus articulatus (Vahl) Woodson,122688-2,Himatanthus,99294,Accepted,direct_wcvp_unique,Himatanthus articulatus
58,Himatanthus obovatus,122692-2,Himatanthus obovatus,Himatanthus obovatus (Müll.Arg.) Woodson,Apocynaceae,Species,Himatanthus obovatus,Himatanthus obovatus (Müll.Arg.) Woodson,122692-2,Himatanthus,99305,Accepted,direct_wcvp_unique,Himatanthus obovatus
59,Holarrhena pubescens,79318-1,Holarrhena pubescens,Holarrhena pubescens Wall. ex G.Don,Apocynaceae,Species,Holarrhena pubescens,Holarrhena pubescens Wall. ex G.Don,79318-1,Holarrhena,99622,Accepted,direct_wcvp_unique,Holarrhena pubescens
60,Hunteria zeylanica,79369-1,Hunteria zeylanica,Hunteria zeylanica (Retz.) Gardner ex Thwaites,Apocynaceae,Species,Hunteria zeylanica,Hunteria zeylanica (Retz.) Gardner ex Thwaites,79369-1,Hunteria,100820,Accepted,direct_wcvp_unique,Hunteria zeylanica
61,Hunteria umbellata,79368-1,Hunteria umbellata,Hunteria umbellata (K.Schum.) Hallier f.,Apocynaceae,Species,Hunteria umbellata,Hunteria umbellata (K.Schum.) Hallier f.,79368-1,Hunteria,100819,Accepted,direct_wcvp_unique,Hunteria umbellata
62,Kanahia laniflora,98887-1,Kanahia laniflora,Kanahia laniflora (Forssk.) R.Br.,Apocynaceae,Species,Kanahia laniflora,Kanahia laniflora (Forssk.) R.Br.,98887-1,Kanahia,507595,Accepted,direct_wcvp_unique,Kanahia laniflora
63,Kopsia fruticosa,79497-1,Kopsia fruticosa,Kopsia fruticosa (Roxb.) A.DC.,Apocynaceae,Species,Kopsia fruticosa,Kopsia fruticosa (Roxb.) A.DC.,79497-1,Kopsia,106327,Accepted,direct_wcvp_unique,Kopsia fruticosa
64,Kopsia dasyrachis,79494-1,Kopsia dasyrachis,Kopsia dasyrachis Ridl.,Apocynaceae,Species,Kopsia dasyrachis,Kopsia dasyrachis Ridl.,79494-1,Kopsia,106324,Accepted,direct_wcvp_unique,Kopsia dasyrachis
65,Landolphia owariensis,79672-1,Landolphia owariensis,Landolphia owariensis P.Beauv.,Apocynaceae,Species,Landolphia owariensis,Landolphia owariensis P.Beauv.,79672-1,Landolphia,107760,Accepted,direct_wcvp_unique,Landolphia owariensis
66,Landolphia heudelotii,79629-1,Landolphia heudelotii,Landolphia heudelotii A.DC.,Apocynaceae,Species,Landolphia heudelotii,Landolphia heudelotii A.DC.,79629-1,Landolphia,107713,Accepted,direct_wcvp_unique,Landolphia heudelotii
67,Landolphia dulcis,79607-1,Landolphia dulcis,Landolphia dulcis (Sabine ex G.Don) Pichon,Apocynaceae,Species,Landolphia dulcis,Landolphia dulcis (Sabine ex G.Don) Pichon,79607-1,Landolphia,107687,Accepted,direct_wcvp_unique,Landolphia dulcis
68,Landolphia lanceolata,79639-1,Landolphia lanceolata,Landolphia lanceolata (K.Schum.) Pichon,Apocynaceae,Species,Landolphia lanceolata,Landolphia lanceolata (K.Schum.) Pichon,79639-1,Landolphia,107723,Accepted,direct_wcvp,Landolphia lanceolata
69,Leptadenia madagascariensis,98978-1,Leptadenia madagascariensis,Leptadenia madagascariensis Decne.,Apocynaceae,Species,Leptadenia madagascariensis,Leptadenia madagascariensis Decne.,98978-1,Leptadenia,507763,Accepted,direct_wcvp_unique,Leptadenia madagascariensis
70,Leuconotis eugeniifolia,77177343-1,Leuconotis eugeniifolia,Leuconotis eugeniifolia (Wall. ex G.Don) A.DC.,Apocynaceae,Species,Leuconotis eugeniifolia,Leuconotis eugeniifolia (Wall. ex G.Don) A.DC.,77177343-1,Leuconotis,112009,Accepted,direct_wcvp_unique,Leuconotis eugeniifolia
71,Leuconotis griffithii,79773-1,Leuconotis griffithii,Leuconotis griffithii Hook.f.,Apocynaceae,Species,Leuconotis griffithii,Leuconotis griffithii Hook.f.,79773-1,Leuconotis,112013,Accepted,direct_wcvp_unique,Leuconotis griffithii
72,Mondia whitei,99812-1,Mondia whitei,Mondia whitei (Hook.f.) Skeels,Apocynaceae,Species,Mondia whitei,Mondia whitei (Hook.f.) Skeels,99812-1,Mondia,509161,Accepted,direct_wcvp_unique,Mondia whitei
73,Monolluma quadrangula,986817-1,Monolluma quadrangula,Monolluma quadrangula (Forssk.) Plowes,Apocynaceae,Species,Monolluma quadrangula,Monolluma quadrangula (Forssk.) Plowes,986817-1,Monolluma,509165,Accepted,direct_wcvp_unique,Monolluma quadrangula
74,Motandra paniculata,77158413-1,Motandra paniculata,Motandra paniculata (Poir.) I.M.Turner,Apocynaceae,Species,Motandra paniculata,Motandra paniculata (Poir.) I.M.Turner,77158413-1,Motandra,521333,Accepted,direct_wcvp_unique,Motandra paniculata
75,Ochrosia glomerata,77177054-1,Ochrosia glomerata,Ochrosia glomerata (Blume) F.Muell.,Apocynaceae,Species,Ochrosia glomerata,Ochrosia glomerata (Blume) F.Muell.,77177054-1,Ochrosia,136712,Accepted,direct_wcvp_unique,Ochrosia glomerata
76,Parahancornia fasciculata,182946-2,Parahancornia fasciculata,Parahancornia fasciculata (Poir.) Benoist,Apocynaceae,Species,Parahancornia fasciculata,Parahancornia fasciculata (Poir.) Benoist,182946-2,Parahancornia,147481,Accepted,direct_wcvp_unique,Parahancornia fasciculata
77,Pentalinon andrieuxii,942488-1,Pentalinon andrieuxii,Pentalinon andrieuxii (Müll.Arg.) B.F.Hansen & Wunderlin,Apocynaceae,Species,Pentalinon andrieuxii,Pentalinon andrieuxii (Müll.Arg.) B.F.Hansen & Wunderlin,942488-1,Pentalinon,149823,Accepted,direct_wcvp_unique,Pentalinon andrieuxii
78,Pergularia daemia,100371-1,Pergularia daemia,Pergularia daemia (Forssk.) Chiov.,Apocynaceae,Species,Pergularia daemia,Pergularia daemia (Forssk.) Chiov.,100371-1,Pergularia,510161,Accepted,direct_wcvp_unique,Pergularia daemia
79,Periploca linearifolia,100470-1,Periploca linearifolia,Periploca linearifolia Quart.-Dill. & A.Rich.,Apocynaceae,Species,Periploca linearifolia,Periploca linearifolia Quart.-Dill. & A.Rich.,100470-1,Periploca,510278,Accepted,direct_wcvp_unique,Periploca linearifolia
80,Periploca somaliensis,100504-1,Periploca somaliensis,Periploca somaliensis Browicz,Apocynaceae,Species,Periploca somaliensis,Periploca somaliensis Browicz,100504-1,Periploca,510313,Accepted,direct_wcvp_unique,Periploca somaliensis
81,Picralima nitida,81115-1,Picralima nitida,Picralima nitida (Stapf) T.Durand & H.Durand,Apocynaceae,Species,Picralima nitida,Picralima nitida (Stapf) T.Durand & H.Durand,81115-1,Picralima,156030,Accepted,direct_wcvp_unique,Picralima nitida
82,Pleiocarpa mutica,81143-1,Pleiocarpa mutica,Pleiocarpa mutica Benth.,Apocynaceae,Species,Pleiocarpa mutica,Pleiocarpa mutica Benth.,81143-1,Pleiocarpa,158935,Accepted,direct_wcvp_unique,Pleiocarpa mutica
83,Plumeria rubra,81275-1,Plumeria rubra,Plumeria rubra L.,Apocynaceae,Species,Plumeria rubra,Plumeria rubra L.,81275-1,Plumeria,161631,Accepted,direct_wcvp_unique,Plumeria rubra
84,Plumeria alba,81171-1,Plumeria alba,Plumeria alba L.,Apocynaceae,Species,Plumeria alba,Plumeria alba L.,81171-1,Plumeria,161520,Accepted,direct_wcvp_unique,Plumeria alba
85,Rauvolfia mombasiana,81591-1,Rauvolfia mombasiana,Rauvolfia mombasiana Stapf,Apocynaceae,Species,Rauvolfia mombasiana,Rauvolfia mombasiana Stapf,81591-1,Rauvolfia,176902,Accepted,direct_wcvp_unique,Rauvolfia mombasiana
86,Rauvolfia vomitoria,81673-1,Rauvolfia vomitoria,Rauvolfia vomitoria Wennberg,Apocynaceae,Species,Rauvolfia vomitoria,Rauvolfia vomitoria Wennberg,81673-1,Rauvolfia,177001,Accepted,direct_wcvp_unique,Rauvolfia vomitoria
87,Rauvolfia caffra,81519-1,Rauvolfia caffra,Rauvolfia caffra Sond.,Apocynaceae,Species,Rauvolfia caffra,Rauvolfia caffra Sond.,81519-1,Rauvolfia,176820,Accepted,direct_wcvp_unique,Rauvolfia caffra
88,Schizozygia coffeoides,81764-1,Schizozygia coffeoides,Schizozygia coffeoides Baill.,Apocynaceae,Species,Schizozygia coffeoides,Schizozygia coffeoides Baill.,81764-1,Schizozygia,188193,Accepted,direct_wcvp_unique,Schizozygia coffeoides
89,Secamone afzelii,77079518-1,Secamone afzelii,Secamone afzelii (Roem. & Schult.) K.Schum.,Apocynaceae,Species,Secamone afzelii,Secamone afzelii (Roem. & Schult.) K.Schum.,77079518-1,Secamone,511526,Accepted,direct_wcvp_unique,Secamone afzelii
90,Streptocaulon juventas,102040-1,Streptocaulon juventas,Streptocaulon juventas (Lour.) Merr.,Apocynaceae,Species,Streptocaulon juventas,Streptocaulon juventas (Lour.) Merr.,102040-1,Streptocaulon,512573,Accepted,direct_wcvp_unique,Streptocaulon juventas
91,Strophanthus eminii,81881-1,Strophanthus eminii,Strophanthus eminii Asch. ex Pax,Apocynaceae,Species,Strophanthus eminii,Strophanthus eminii Asch. ex Pax,81881-1,Strophanthus,198216,Accepted,direct_wcvp_unique,Strophanthus eminii
92,Tabernaemontana catharinensis,82043-1,Tabernaemontana catharinensis,Tabernaemontana catharinensis A.DC.,Apocynaceae,Species,Tabernaemontana catharinensis,Tabernaemontana catharinensis A.DC.,82043-1,Tabernaemontana,200611,Accepted,direct_wcvp_unique,Tabernaemontana catharinensis
93,Tabernaemontana cymosa,82084-1,Tabernaemontana cymosa,Tabernaemontana cymosa Jacq.,Apocynaceae,Species,Tabernaemontana cymosa,Tabernaemontana cymosa Jacq.,82084-1,Tabernaemontana,200661,Accepted,direct_wcvp,Tabernaemontana cymosa
94,Tabernaemontana elegans,82109-1,Tabernaemontana elegans,Tabernaemontana elegans Stapf,Apocynaceae,Species,Tabernaemontana elegans,Tabernaemontana elegans Stapf,82109-1,Tabernaemontana,200686,Accepted,direct_wcvp_unique,Tabernaemontana elegans
95,Tabernaemontana hystrix,82157-1,Tabernaemontana hystrix,Tabernaemontana hystrix Steud.,Apocynaceae,Species,Tabernaemontana hystrix,Tabernaemontana hystrix Steud.,82157-1,Tabernaemontana,200737,Accepted,direct_wcvp_unique,Tabernaemontana hystrix
96,Tabernaemontana pachysiphon,82263-1,Tabernaemontana pachysiphon,Tabernaemontana pachysiphon Stapf,Apocynaceae,Species,Tabernaemontana pachysiphon,Tabernaemontana pachysiphon Stapf,82263-1,Tabernaemontana,200853,Accepted,direct_wcvp_unique,Tabernaemontana pachysiphon
97,Tabernaemontana peduncularis,82280-1,Tabernaemontana peduncularis,Tabernaemontana peduncularis Wall.,Apocynaceae,Species,Tabernaemontana peduncularis,Tabernaemontana peduncularis Wall.,82280-1,Tabernaemontana,200870,Accepted,direct_wcvp_unique,Tabernaemontana peduncularis
98,Tabernaemontana rupicola,82322-1,Tabernaemontana rupicola,Tabernaemontana rupicola Benth.,Apocynaceae,Species,Tabernaemontana rupicola,Tabernaemontana rupicola Benth.,82322-1,Tabernaemontana,200916,Accepted,direct_wcvp_unique,Tabernaemontana rupicola
99,Tabernaemontana sessilifolia,82330-1,Tabernaemontana sessilifolia,Tabernaemontana sessilifolia Baker,Apocynaceae,Species,Tabernaemontana sessilifolia,Tabernaemontana sessilifolia Baker,82330-1,Tabernaemontana,200930,Accepted,direct_wcvp,Tabernaemontana sessilifolia
100,Tabernaemontana undulata,82371-1,Tabernaemontana undulata,Tabernaemontana undulata Vahl,Apocynaceae,Species,Tabernaemontana undulata,Tabernaemontana undulata Vahl,82371-1,Tabernaemontana,200973,Accepted,direct_wcvp_unique,Tabernaemontana undulata
101,Vallaris glabra,82646-1,Vallaris glabra,Vallaris glabra (L.) Kuntze,Apocynaceae,Species,Vallaris glabra,Vallaris glabra (L.) Kuntze,82646-1,Vallaris,211387,Accepted,direct_wcvp_unique,Vallaris glabra
102,Vallesia glabra,82668-1,Vallesia glabra,Vallesia glabra (Cav.) Link,Apocynaceae,Species,Vallesia glabra,Vallesia glabra (Cav.) Link,82668-1,Vallesia,211409,Accepted,direct_wcvp_unique,Vallesia glabra
103,Vincetoxicum stocksii,901235-1,Vincetoxicum stocksii,Vincetoxicum stocksii Ali & Khatoon,Apocynaceae,Species,Vincetoxicum stocksii,Vincetoxicum stocksii Ali & Khatoon,901235-1,Vincetoxicum,513818,Accepted,direct_wcvp_unique,Vincetoxicum stocksii
104,Voacanga grandifolia,82740-1,Voacanga grandifolia,Voacanga grandifolia (Miq.) Rolfe,Apocynaceae,Species,Voacanga grandifolia,Voacanga grandifolia (Miq.) Rolfe,82740-1,Voacanga,213960,Accepted,direct_wcvp_unique,Voacanga grandifolia
105,Wrightia dubia,82847-1,Wrightia dubia,Wrightia dubia (Sims) Spreng.,Apocynaceae,Species,Wrightia dubia,Wrightia dubia (Sims) Spreng.,82847-1,Wrightia,214902,Accepted,direct_wcvp_unique,Wrightia dubia
106,Wrightia arborea,82831-1,Wrightia arborea,Wrightia arborea (Dennst.) Mabb.,Apocynaceae,Species,Wrightia arborea,Wrightia arborea (Dennst.) Mabb.,82831-1,Wrightia,214888,Accepted,direct_wcvp_unique,Wrightia arborea
107,Wrightia tinctoria,82890-1,Wrightia tinctoria,Wrightia tinctoria (Roxb.) R.Br.,Apocynaceae,Species,Wrightia tinctoria,Wrightia tinctoria (Roxb.) R.Br.,82890-1,Wrightia,214955,Accepted,direct_wcvp,Wrightia tinctoria
108,Xysmalobium undulatum,103155-1,Xysmalobium undulatum,Xysmalobium undulatum (L.) W.T.Aiton,Apocynaceae,Species,Xysmalobium undulatum,Xysmalobium undulatum (L.) W.T.Aiton,103155-1,Xysmalobium,514011,Accepted,direct_wcvp_unique,Xysmalobium undulatum
109,Agathisanthemum bojeri,742948-1,Agathisanthemum bojeri,Agathisanthemum bojeri Klotzsch,Rubiaceae,Species,Agathisanthemum bojeri,Agathisanthemum bojeri Klotzsch,742948-1,Agathisanthemum,4551,Accepted,direct_wcvp_unique,Agathisanthemum bojeri
110,Amaioua glomerulata,77124830-1,Amaioua glomerulata,Amaioua glomerulata (Lam. ex Poir.) Delprete & C.H.Perss.,Rubiaceae,Species,Amaioua glomerulata,Amaioua glomerulata (Lam. ex Poir.) Delprete & C.H.Perss.,77124830-1,Amaioua,489041,Accepted,direct_wcvp_unique,Amaioua glomerulata
111,Aoranthe cladantha,945441-1,Aoranthe cladantha,Aoranthe cladantha (K.Schum.) Somers,Rubiaceae,Species,Aoranthe cladantha,Aoranthe cladantha (K.Schum.) Somers,945441-1,Aoranthe,12597,Accepted,direct_wcvp_unique,Aoranthe cladantha
112,Bertiera borbonica,744422-1,Bertiera borbonica,Bertiera borbonica A.Rich. ex DC.,Rubiaceae,Species,Bertiera borbonica,Bertiera borbonica A.Rich. ex DC.,744422-1,Bertiera,20824,Accepted,direct_wcvp_unique,Bertiera borbonica
113,Burchellia bubalina,745198-1,Burchellia bubalina,Burchellia bubalina (L.f.) Sims,Rubiaceae,Species,Burchellia bubalina,Burchellia bubalina (L.f.) Sims,745198-1,Burchellia,28037,Accepted,direct_wcvp_unique,Burchellia bubalina
114,Calycophyllum multiflorum,43051-2,Calycophyllum multiflorum,Calycophyllum multiflorum Griseb.,Rubiaceae,Species,Calycophyllum multiflorum,Calycophyllum multiflorum Griseb.,43051-2,Calycophyllum,32061,Accepted,direct_wcvp_unique,Calycophyllum multiflorum
115,Canthium glaucum,745437-1,Canthium glaucum,Canthium glaucum Hiern,Rubiaceae,Species,Canthium glaucum,Canthium glaucum Hiern,745437-1,Canthium,33604,Accepted,direct_wcvp_unique,Canthium glaucum
116,Carapichea klugii,77132654-1,Carapichea klugii,Carapichea klugii (Standl.) C.M.Taylor,Rubiaceae,Species,Carapichea klugii,Carapichea klugii (Standl.) C.M.Taylor,77132654-1,Carapichea,489762,Accepted,direct_wcvp_unique,Carapichea klugii
117,Cephalanthus natalensis,746216-1,Cephalanthus natalensis,Cephalanthus natalensis Oliv.,Rubiaceae,Species,Cephalanthus natalensis,Cephalanthus natalensis Oliv.,746216-1,Cephalanthus,36716,Accepted,direct_wcvp_unique,Cephalanthus natalensis
118,Ciliosemina pedunculata,77065717-1,Ciliosemina pedunculata,Ciliosemina pedunculata (H.Karst.) Antonelli,Rubiaceae,Species,Ciliosemina pedunculata,Ciliosemina pedunculata (H.Karst.) Antonelli,77065717-1,Ciliosemina,331517,Accepted,direct_wcvp_unique,Ciliosemina pedunculata
119,Cinchona pubescens,746872-1,Cinchona pubescens,Cinchona pubescens Vahl,Rubiaceae,Species,Cinchona pubescens,Cinchona pubescens Vahl,746872-1,Cinchona,40760,Accepted,direct_wcvp,Cinchona pubescens
120,Coffea arabica,747038-1,Coffea arabica,Coffea arabica L.,Rubiaceae,Species,Coffea arabica,Coffea arabica L.,747038-1,Coffea,45400,Accepted,direct_wcvp_unique,Coffea arabica
121,Coffea mauritiana,747190-1,Coffea mauritiana,Coffea mauritiana Lam.,Rubiaceae,Species,Coffea mauritiana,Coffea mauritiana Lam.,747190-1,Coffea,45636,Accepted,direct_wcvp_unique,Coffea mauritiana
122,Coptosperma graveolens,20009937-1,Coptosperma graveolens,Coptosperma graveolens (S.Moore) Degreef,Rubiaceae,Species,Coptosperma graveolens,Coptosperma graveolens (S.Moore) Degreef,20009937-1,Coptosperma,216458,Accepted,direct_wcvp_unique,Coptosperma graveolens
123,Corynanthe pachyceras,747604-1,Corynanthe pachyceras,Corynanthe pachyceras K.Schum.,Rubiaceae,Species,Corynanthe pachyceras,Corynanthe pachyceras K.Schum.,747604-1,Corynanthe,48188,Accepted,direct_wcvp_unique,Corynanthe pachyceras
124,Crossopteryx febrifuga,747858-1,Crossopteryx febrifuga,Crossopteryx febrifuga (Afzel. ex G.Don) Benth.,Rubiaceae,Species,Crossopteryx febrifuga,Crossopteryx febrifuga (Afzel. ex G.Don) Benth.,747858-1,Crossopteryx,49177,Accepted,direct_wcvp_unique,Crossopteryx febrifuga
125,Cuviera longiflora,748070-1,Cuviera longiflora,Cuviera longiflora Hiern,Rubiaceae,Species,Cuviera longiflora,Cuviera longiflora Hiern,748070-1,Cuviera,52500,Accepted,direct_wcvp_unique,Cuviera longiflora
126,Danais xanthorrhoea,748178-1,Danais xanthorrhoea,Danais xanthorrhoea (K.Schum.) Bremek.,Rubiaceae,Species,Danais xanthorrhoea,Danais xanthorrhoea (K.Schum.) Bremek.,748178-1,Danais,56325,Accepted,direct_wcvp_unique,Danais xanthorrhoea
127,Dolichopentas longiflora,77086225-1,Dolichopentas longiflora,Dolichopentas longiflora (Oliv.) Kårehed & B.Bremer,Rubiaceae,Species,Dolichopentas longiflora,Dolichopentas longiflora (Oliv.) Kårehed & B.Bremer,77086225-1,Dolichopentas,372612,Accepted,direct_wcvp_unique,Dolichopentas longiflora
128,Fadogia cienkowskii,748960-1,Fadogia cienkowskii,Fadogia cienkowskii Schweinf.,Rubiaceae,Species,Fadogia cienkowskii,Fadogia cienkowskii Schweinf.,748960-1,Fadogia,83657,Accepted,direct_wcvp_unique,Fadogia cienkowskii
129,Faramea occidentalis,1187456-2,Faramea occidentalis,Faramea occidentalis (L.) A.Rich.,Rubiaceae,Species,Faramea occidentalis,Faramea occidentalis (L.) A.Rich.,1187456-2,Faramea,84148,Accepted,direct_wcvp_unique,Faramea occidentalis
130,Feretia apodanthera,749328-1,Feretia apodanthera,Feretia apodanthera Delile,Rubiaceae,Species,Feretia apodanthera,Feretia apodanthera Delile,749328-1,Feretia,84370,Accepted,direct_wcvp_unique,Feretia apodanthera
131,Gardenia ternifolia,751285-1,Gardenia ternifolia,Gardenia ternifolia Schumach. & Thonn.,Rubiaceae,Species,Gardenia ternifolia,Gardenia ternifolia Schumach. & Thonn.,751285-1,Gardenia,88486,Accepted,direct_wcvp_unique,Gardenia ternifolia
132,Gardenia sokotensis,751250-1,Gardenia sokotensis,Gardenia sokotensis Hutch.,Rubiaceae,Species,Gardenia sokotensis,Gardenia sokotensis Hutch.,751250-1,Gardenia,88451,Accepted,direct_wcvp_unique,Gardenia sokotensis
133,Gardenia saxatilis,751232-1,Gardenia saxatilis,Gardenia saxatilis E.T.Geddes,Rubiaceae,Species,Gardenia saxatilis,Gardenia saxatilis E.T.Geddes,751232-1,Gardenia,88429,Accepted,direct_wcvp_unique,Gardenia saxatilis
134,Gardenia urvillei,751312-1,Gardenia urvillei,Gardenia urvillei Montrouz.,Rubiaceae,Species,Gardenia urvillei,Gardenia urvillei Montrouz.,751312-1,Gardenia,88520,Accepted,direct_wcvp_unique,Gardenia urvillei
135,Gardenia thunbergia,751291-1,Gardenia thunbergia,Gardenia thunbergia Thunb.,Rubiaceae,Species,Gardenia thunbergia,Gardenia thunbergia Thunb.,751291-1,Gardenia,88497,Accepted,direct_wcvp_unique,Gardenia thunbergia
136,Guettarda speciosa,752069-1,Guettarda speciosa,Guettarda speciosa L.,Rubiaceae,Species,Guettarda speciosa,Guettarda speciosa L.,752069-1,Guettarda,93328,Accepted,direct_wcvp_unique,Guettarda speciosa
137,Heinsia crinita,753022-1,Heinsia crinita,Heinsia crinita (Wennberg) G.Taylor,Rubiaceae,Species,Heinsia crinita,Heinsia crinita (Wennberg) G.Taylor,753022-1,Heinsia,97890,Accepted,direct_wcvp_unique,Heinsia crinita
138,Hintonia latiflora,122717-2,Hintonia latiflora,Hintonia latiflora (Sessé & Moc. ex DC.) Bullock,Rubiaceae,Species,Hintonia latiflora,Hintonia latiflora (Sessé & Moc. ex DC.) Bullock,122717-2,Hintonia,99336,Accepted,direct_wcvp_unique,Hintonia latiflora
139,Hymenodictyon floribundum,753550-1,Hymenodictyon floribundum,Hymenodictyon floribundum (Hochst. & Steud.) B.L.Rob.,Rubiaceae,Species,Hymenodictyon floribundum,Hymenodictyon floribundum (Hochst. & Steud.) B.L.Rob.,753550-1,Hymenodictyon,101229,Accepted,direct_wcvp_unique,Hymenodictyon floribundum
140,Hymenodictyon orixense,910769-1,Hymenodictyon orixense,Hymenodictyon orixense (Roxb.) Mabb.,Rubiaceae,Species,Hymenodictyon orixense,Hymenodictyon orixense (Roxb.) Mabb.,910769-1,Hymenodictyon,101244,Accepted,direct_wcvp_unique,Hymenodictyon orixense
141,Isertia hypoleuca,753635-1,Isertia hypoleuca,Isertia hypoleuca Benth.,Rubiaceae,Species,Isertia hypoleuca,Isertia hypoleuca Benth.,753635-1,Isertia,102798,Accepted,direct_wcvp_unique,Isertia hypoleuca
142,Keetia multiflora,943151-1,Keetia multiflora,Keetia multiflora (Schumach. & Thonn.) Bridson,Rubiaceae,Species,Keetia multiflora,Keetia multiflora (Schumach. & Thonn.) Bridson,943151-1,Keetia,105690,Accepted,direct_wcvp_unique,Keetia multiflora
143,Keetia hispida,943147-1,Keetia hispida,Keetia hispida (Benth.) Bridson,Rubiaceae,Species,Keetia hispida,Keetia hispida (Benth.) Bridson,943147-1,Keetia,105680,Accepted,direct_wcvp_unique,Keetia hispida
144,Keetia venosa,943138-1,Keetia venosa,Keetia venosa (Oliv.) Bridson,Rubiaceae,Species,Keetia venosa,Keetia venosa (Oliv.) Bridson,943138-1,Keetia,105701,Accepted,direct_wcvp_unique,Keetia venosa
145,Keetia leucantha,943149-1,Keetia leucantha,Keetia leucantha (K.Krause) Bridson,Rubiaceae,Species,Keetia leucantha,Keetia leucantha (K.Krause) Bridson,943149-1,Keetia,105683,Accepted,direct_wcvp_unique,Keetia leucantha
146,Ladenbergia oblongifolia,1106418-2,Ladenbergia oblongifolia,Ladenbergia oblongifolia (Humb. ex Mutis) L.Andersson,Rubiaceae,Species,Ladenbergia oblongifolia,Ladenbergia oblongifolia (Humb. ex Mutis) L.Andersson,1106418-2,Ladenbergia,106863,Accepted,direct_wcvp_unique,Ladenbergia oblongifolia
147,Macrocnemum roseum,755513-1,Macrocnemum roseum,Macrocnemum roseum (Ruiz & Pav.) Wedd.,Rubiaceae,Species,Macrocnemum roseum,Macrocnemum roseum (Ruiz & Pav.) Wedd.,755513-1,Macrocnemum,117033,Accepted,direct_wcvp_unique,Macrocnemum roseum
148,Massularia acuminata,756020-1,Massularia acuminata,Massularia acuminata (G.Don) Bullock ex Hoyle,Rubiaceae,Species,Massularia acuminata,Massularia acuminata (G.Don) Bullock ex Hoyle,756020-1,Massularia,122017,Accepted,direct_wcvp_unique,Massularia acuminata
149,Mitracarpus hirtus,756228-1,Mitracarpus hirtus,Mitracarpus hirtus (L.) DC.,Rubiaceae,Species,Mitracarpus hirtus,Mitracarpus hirtus (L.) DC.,756228-1,Mitracarpus,128746,Accepted,direct_wcvp_unique,Mitracarpus hirtus
150,Mitragyna inermis,756296-1,Mitragyna inermis,Mitragyna inermis (Willd.) Kuntze,Rubiaceae,Species,Mitragyna inermis,Mitragyna inermis (Willd.) Kuntze,756296-1,Mitragyna,128795,Accepted,direct_wcvp_unique,Mitragyna inermis
151,Mitragyna rubrostipulata,756302-1,Mitragyna rubrostipulata,Mitragyna rubrostipulata (K.Schum.) Havil.,Rubiaceae,Species,Mitragyna rubrostipulata,Mitragyna rubrostipulata (K.Schum.) Havil.,756302-1,Mitragyna,128804,Accepted,direct_wcvp_unique,Mitragyna rubrostipulata
152,Mitragyna stipulosa,756304-1,Mitragyna stipulosa,Mitragyna stipulosa (DC.) Kuntze,Rubiaceae,Species,Mitragyna stipulosa,Mitragyna stipulosa (DC.) Kuntze,756304-1,Mitragyna,128806,Accepted,direct_wcvp_unique,Mitragyna stipulosa
153,Morinda chrysorhiza,756356-1,Morinda chrysorhiza,Morinda chrysorhiza (Thonn.) DC.,Rubiaceae,Species,Morinda chrysorhiza,Morinda chrysorhiza (Thonn.) DC.,756356-1,Morinda,129786,Accepted,direct_wcvp_unique,Morinda chrysorhiza
154,Morinda lucida,756419-1,Morinda lucida,Morinda lucida Benth.,Rubiaceae,Species,Morinda lucida,Morinda lucida Benth.,756419-1,Morinda,129862,Accepted,direct_wcvp,Morinda lucida
155,Morinda morindoides,756428-1,Morinda morindoides,Morinda morindoides (Baker) Milne-Redh.,Rubiaceae,Species,Morinda morindoides,Morinda morindoides (Baker) Milne-Redh.,756428-1,Morinda,129871,Accepted,direct_wcvp_unique,Morinda morindoides
156,Morinda citrifolia,756359-1,Morinda citrifolia,Morinda citrifolia L.,Rubiaceae,Species,Morinda citrifolia,Morinda citrifolia L.,756359-1,Morinda,129789,Accepted,direct_wcvp_unique,Morinda citrifolia
157,Morinda asteroscepa,756331-1,Morinda asteroscepa,Morinda asteroscepa K.Schum.,Rubiaceae,Species,Morinda asteroscepa,Morinda asteroscepa K.Schum.,756331-1,Morinda,129759,Accepted,direct_wcvp_unique,Morinda asteroscepa
158,Nauclea pobeguinii,757209-1,Nauclea pobeguinii,Nauclea pobeguinii (Hua ex Pobég.) Merr.,Rubiaceae,Species,Nauclea pobeguinii,Nauclea pobeguinii (Hua ex Pobég.) Merr.,757209-1,Nauclea,133271,Accepted,direct_wcvp_unique,Nauclea pobeguinii
159,Nauclea latifolia,757144-1,Nauclea latifolia,Nauclea latifolia Sm.,Rubiaceae,Species,Nauclea latifolia,Nauclea latifolia Sm.,757144-1,Nauclea,133213,Accepted,direct_wcvp,Nauclea latifolia
160,Nauclea officinalis,77078143-1,Nauclea officinalis,Nauclea officinalis (Pierre ex Pit.) Merr. & Chun,Rubiaceae,Species,Nauclea officinalis,Nauclea officinalis (Pierre ex Pit.) Merr. & Chun,77078143-1,Nauclea,133248,Accepted,direct_wcvp_unique,Nauclea officinalis
161,Nauclea diderrichii,757089-1,Nauclea diderrichii,Nauclea diderrichii (De Wild.) Merr.,Rubiaceae,Species,Nauclea diderrichii,Nauclea diderrichii (De Wild.) Merr.,757089-1,Nauclea,133162,Accepted,direct_wcvp_unique,Nauclea diderrichii
162,Notopleura camponutans,1096070-2,Notopleura camponutans,Notopleura camponutans (Dwyer & M.V.Hayden) C.M.Taylor,Rubiaceae,Species,Notopleura camponutans,Notopleura camponutans (Dwyer & M.V.Hayden) C.M.Taylor,1096070-2,Notopleura,135892,Accepted,direct_wcvp_unique,Notopleura camponutans
163,Oldenlandia affinis,757678-1,Oldenlandia affinis,Oldenlandia affinis (Roem. & Schult.) DC.,Rubiaceae,Species,Oldenlandia affinis,Oldenlandia affinis (Roem. & Schult.) DC.,757678-1,Oldenlandia,138198,Accepted,direct_wcvp_unique,Oldenlandia affinis
164,Pagamea guianensis,546863-1,Pagamea guianensis,Pagamea guianensis Aubl.,Rubiaceae,Species,Pagamea guianensis,Pagamea guianensis Aubl.,546863-1,Pagamea,145567,Accepted,direct_wcvp_unique,Pagamea guianensis
165,Palicourea deflexa,77115599-1,Palicourea deflexa,Palicourea deflexa (DC.) Borhidi,Rubiaceae,Species,Palicourea deflexa,Palicourea deflexa (DC.) Borhidi,77115599-1,Palicourea,466528,Accepted,direct_wcvp_unique,Palicourea deflexa
166,Palicourea apoda,60473600-2,Palicourea apoda,Palicourea apoda (Steyerm.) Delprete & J.H.Kirkbr.,Rubiaceae,Species,Palicourea apoda,Palicourea apoda (Steyerm.) Delprete & J.H.Kirkbr.,60473600-2,Palicourea,522881,Accepted,direct_wcvp_unique,Palicourea apoda
167,Palicourea tomentosa,77115635-1,Palicourea tomentosa,Palicourea tomentosa (Aubl.) Borhidi,Rubiaceae,Species,Palicourea tomentosa,Palicourea tomentosa (Aubl.) Borhidi,77115635-1,Palicourea,466178,Accepted,direct_wcvp_unique,Palicourea tomentosa
168,Palicourea colorata,77161054-1,Palicourea colorata,Palicourea colorata (Hoffmanns. ex Willd.) Delprete & J.H.Kirkbr.,Rubiaceae,Species,Palicourea colorata,Palicourea colorata (Hoffmanns. ex Willd.) Delprete & J.H.Kirkbr.,77161054-1,Palicourea,526306,Accepted,direct_wcvp_unique,Palicourea colorata
169,Pavetta crassipes,759639-1,Pavetta crassipes,Pavetta crassipes K.Schum.,Rubiaceae,Species,Pavetta crassipes,Pavetta crassipes K.Schum.,759639-1,Pavetta,148421,Accepted,direct_wcvp_unique,Pavetta crassipes
170,Pavetta corymbosa,759636-1,Pavetta corymbosa,Pavetta corymbosa (DC.) F.N.Williams,Rubiaceae,Species,Pavetta corymbosa,Pavetta corymbosa (DC.) F.N.Williams,759636-1,Pavetta,148415,Accepted,direct_wcvp_unique,Pavetta corymbosa
171,Pentagonia nuciformis,188114-2,Pentagonia nuciformis,Pentagonia nuciformis Dwyer,Rubiaceae,Species,Pentagonia nuciformis,Pentagonia nuciformis Dwyer,188114-2,Pentagonia,149804,Accepted,direct_wcvp_unique,Pentagonia nuciformis
172,Pentagonia macrophylla,760184-1,Pentagonia macrophylla,Pentagonia macrophylla Benth.,Rubiaceae,Species,Pentagonia macrophylla,Pentagonia macrophylla Benth.,760184-1,Pentagonia,149802,Accepted,direct_wcvp_unique,Pentagonia macrophylla
173,Pentagonia gymnopoda,188109-2,Pentagonia gymnopoda,Pentagonia gymnopoda (Standl.) Standl.,Rubiaceae,Species,Pentagonia gymnopoda,Pentagonia gymnopoda (Standl.) Standl.,188109-2,Pentagonia,149798,Accepted,direct_wcvp_unique,Pentagonia gymnopoda
174,Pentas lanceolata,760275-1,Pentas lanceolata,Pentas lanceolata (Forssk.) Deflers,Rubiaceae,Species,Pentas lanceolata,Pentas lanceolata (Forssk.) Deflers,760275-1,Pentas,149975,Accepted,direct_wcvp_unique,Pentas lanceolata
175,Pentas micrantha,760284-1,Pentas micrantha,Pentas micrantha Baker,Rubiaceae,Species,Pentas micrantha,Pentas micrantha Baker,760284-1,Pentas,150000,Accepted,direct_wcvp_unique,Pentas micrantha
176,Pittoniotis trichantha,760476-1,Pittoniotis trichantha,Pittoniotis trichantha Griseb.,Rubiaceae,Species,Pittoniotis trichantha,Pittoniotis trichantha Griseb.,760476-1,Pittoniotis,156694,Accepted,direct_wcvp_unique,Pittoniotis trichantha
177,Plocama calabrica,77080086-1,Plocama calabrica,Plocama calabrica (L.f.) M.Backlund & Thulin,Rubiaceae,Species,Plocama calabrica,Plocama calabrica (L.f.) M.Backlund & Thulin,77080086-1,Plocama,347971,Accepted,direct_wcvp_unique,Plocama calabrica
178,Posoqueria latifolia,1079607-2,Posoqueria latifolia,Posoqueria latifolia (Rudge) Schult.,Rubiaceae,Species,Posoqueria latifolia,Posoqueria latifolia (Rudge) Schult.,1079607-2,Posoqueria,163583,Accepted,direct_wcvp_unique,Posoqueria latifolia
179,Prismatomeris sessiliflora,761150-1,Prismatomeris sessiliflora,Prismatomeris sessiliflora Pierre ex Pit.,Rubiaceae,Species,Prismatomeris sessiliflora,Prismatomeris sessiliflora Pierre ex Pit.,761150-1,Prismatomeris,165479,Accepted,direct_wcvp_unique,Prismatomeris sessiliflora
180,Prismatomeris fragrans,761131-1,Prismatomeris fragrans,Prismatomeris fragrans E.T.Geddes,Rubiaceae,Species,Prismatomeris fragrans,Prismatomeris fragrans E.T.Geddes,761131-1,Prismatomeris,165457,Accepted,direct_wcvp_unique,Prismatomeris fragrans
181,Prismatomeris tetrandra,761152-1,Prismatomeris tetrandra,Prismatomeris tetrandra (Roxb.) K.Schum.,Rubiaceae,Species,Prismatomeris tetrandra,Prismatomeris tetrandra (Roxb.) K.Schum.,761152-1,Prismatomeris,165482,Accepted,direct_wcvp_unique,Prismatomeris tetrandra
182,Psychotria chagrensis,212606-2,Psychotria chagrensis,Psychotria chagrensis Standl.,Rubiaceae,Species,Psychotria chagrensis,Psychotria chagrensis Standl.,212606-2,Psychotria,167586,Accepted,direct_wcvp_unique,Psychotria chagrensis
183,Psychotria marginata,213065-2,Psychotria marginata,Psychotria marginata Sw.,Rubiaceae,Species,Psychotria marginata,Psychotria marginata Sw.,213065-2,Psychotria,168772,Accepted,direct_wcvp,Psychotria marginata
184,Psychotria orosiana,213181-2,Psychotria orosiana,Psychotria orosiana Standl.,Rubiaceae,Species,Psychotria orosiana,Psychotria orosiana Standl.,213181-2,Psychotria,169085,Accepted,direct_wcvp_unique,Psychotria orosiana
185,Psydrax acutiflorus,915400-1,Psydrax acutiflorus,Psydrax acutiflorus (Hiern) Bridson,Rubiaceae,Species,Psydrax acutiflorus,Psydrax acutiflorus (Hiern) Bridson,915400-1,Psydrax,170231,Accepted,direct_wcvp_unique,Psydrax acutiflorus
186,Psydrax palma,915417-1,Psydrax palma,Psydrax palma (K.Schum.) Bridson,Rubiaceae,Species,Psydrax palma,Psydrax palma (K.Schum.) Bridson,915417-1,Psydrax,170276,Accepted,direct_wcvp_unique,Psydrax palma
187,Pyrostria major,763914-1,Pyrostria major,Pyrostria major (A.Rich. ex DC.) Kainul. & Razafim.,Rubiaceae,Species,Pyrostria major,Pyrostria major (A.Rich. ex DC.) Kainul. & Razafim.,763914-1,Pyrostria,171335,Accepted,direct_wcvp_unique,Pyrostria major
188,Randia armata,1115268-2,Randia armata,Randia armata (Sw.) DC.,Rubiaceae,Species,Randia armata,Randia armata (Sw.) DC.,1115268-2,Randia,176164,Accepted,direct_wcvp_unique,Randia armata
189,Rennellia elliptica,764603-1,Rennellia elliptica,Rennellia elliptica Korth.,Rubiaceae,Species,Rennellia elliptica,Rennellia elliptica Korth.,764603-1,Rennellia,177359,Accepted,direct_wcvp_unique,Rennellia elliptica
190,Rhodopentas bussei,77086243-1,Rhodopentas bussei,Rhodopentas bussei (K.Krause) Kårehed & B.Bremer,Rubiaceae,Species,Rhodopentas bussei,Rhodopentas bussei (K.Krause) Kårehed & B.Bremer,77086243-1,Rhodopentas,373943,Accepted,direct_wcvp_unique,Rhodopentas bussei
191,Ronabea latifolia,764729-1,Ronabea latifolia,Ronabea latifolia Aubl.,Rubiaceae,Species,Ronabea latifolia,Ronabea latifolia Aubl.,764729-1,Ronabea,179390,Accepted,direct_wcvp_unique,Ronabea latifolia
192,Rothmannia longiflora,765136-1,Rothmannia longiflora,Rothmannia longiflora Salisb.,Rubiaceae,Species,Rothmannia longiflora,Rothmannia longiflora Salisb.,765136-1,Rothmannia,180053,Accepted,direct_wcvp_unique,Rothmannia longiflora
193,Rubia cordifolia,765218-1,Rubia cordifolia,Rubia cordifolia L.,Rubiaceae,Species,Rubia cordifolia,Rubia cordifolia L.,765218-1,Rubia,180230,Accepted,direct_wcvp_unique,Rubia cordifolia
194,Rudgea panamensis,991396-1,Rudgea panamensis,Rudgea panamensis (Dwyer) C.M.Taylor,Rubiaceae,Species,Rudgea panamensis,Rudgea panamensis (Dwyer) C.M.Taylor,991396-1,Rudgea,180653,Accepted,direct_wcvp_unique,Rudgea panamensis
195,Sabicea villosa,765972-1,Sabicea villosa,Sabicea villosa Willd. ex Schult.,Rubiaceae,Species,Sabicea villosa,Sabicea villosa Willd. ex Schult.,765972-1,Sabicea,181293,Accepted,direct_wcvp_unique,Sabicea villosa
196,Schizocalyx veraguensis,77111998-1,Schizocalyx veraguensis,Schizocalyx veraguensis (Dwyer) Kainul. & B.Bremer,Rubiaceae,Species,Schizocalyx veraguensis,Schizocalyx veraguensis (Dwyer) Kainul. & B.Bremer,77111998-1,Schizocalyx,468166,Accepted,direct_wcvp_unique,Schizocalyx veraguensis
197,Solenandra mexicana,20010093-1,Solenandra mexicana,Solenandra mexicana (A.Gray) Borhidi,Rubiaceae,Species,Solenandra mexicana,Solenandra mexicana (A.Gray) Borhidi,20010093-1,Solenandra,216789,Accepted,direct_wcvp_unique,Solenandra mexicana
198,Spermacoce princeae,766896-1,Spermacoce princeae,Spermacoce princeae (K.Schum.) Verdc.,Rubiaceae,Species,Spermacoce princeae,Spermacoce princeae (K.Schum.) Verdc.,766896-1,Spermacoce,193788,Accepted,direct_wcvp_unique,Spermacoce princeae
199,Tarenna pavettoides,767565-1,Tarenna pavettoides,Tarenna pavettoides (Harv.) Sim,Rubiaceae,Species,Tarenna pavettoides,Tarenna pavettoides (Harv.) Sim,767565-1,Tarenna,201883,Accepted,direct_wcvp_unique,Tarenna pavettoides
200,Timonius gammillii,767756-1,Timonius gammillii,Timonius gammillii Elmer,Rubiaceae,Species,Timonius gammillii,Timonius gammillii Elmer,767756-1,Timonius,205874,Accepted,direct_wcvp_unique,Timonius gammillii
201,Vangueria infausta,769741-1,Vangueria infausta,Vangueria infausta Burch.,Rubiaceae,Species,Vangueria infausta,Vangueria infausta Burch.,769741-1,Vangueria,211683,Accepted,direct_wcvp_unique,Vangueria infausta
202,Vangueria agrestis,77067582-1,Vangueria agrestis,Vangueria agrestis (Schweinf. ex Hiern) Lantz,Rubiaceae,Species,Vangueria agrestis,Vangueria agrestis (Schweinf. ex Hiern) Lantz,77067582-1,Vangueria,339732,Accepted,direct_wcvp_unique,Vangueria agrestis
203,Vangueria madagascariensis,769766-1,Vangueria madagascariensis,Vangueria madagascariensis J.F.Gmel.,Rubiaceae,Species,Vangueria madagascariensis,Vangueria madagascariensis J.F.Gmel.,769766-1,Vangueria,211711,Accepted,direct_wcvp_unique,Vangueria madagascariensis
204,Warszewiczia coccinea,770293-1,Warszewiczia coccinea,Warszewiczia coccinea (Vahl) Klotzsch,Rubiaceae,Species,Warszewiczia coccinea,Warszewiczia coccinea (Vahl) Klotzsch,770293-1,Warszewiczia,214231,Accepted,direct_wcvp_unique,Warszewiczia coccinea
205,Wendlandia ligustroides,770469-1,Wendlandia ligustroides,Wendlandia ligustroides (Boiss. & Hohen.) Blakelock,Rubiaceae,Species,Wendlandia ligustroides,Wendlandia ligustroides (Boiss. & Hohen.) Blakelock,770469-1,Wendlandia,214455,Accepted,direct_wcvp_unique,Wendlandia ligustroides
